,date,year,month,day,area,place,Place
1,2016/11/18,2016,11,18,Africa, 莫三比克,Mozambique
1,2016/11/17,2016,11,17,Africa, 肯亞,Kenya
1,2016/11/15,2016,11,15,Africa, 奈及利亞,Nigeria
1,2016/11/14,2016,11,14,Africa, 埃及,Egypt
1,2016/11/11,2016,11,11,Africa, 南非,South Africa
1,2016/11/9,2016,11,9,Africa, 奈及利亞,Nigeria
1,2016/11/7,2016,11,7,Africa, 南非,South Africa
1,2016/11/4,2016,11,4,Africa, 南非,South Africa
1,2016/11/4,2016,11,4,Africa, 利比亞,Libya
1,2016/11/3,2016,11,3,Africa, 南蘇丹,South Sudan
1,2016/11/2,2016,11,2,Africa, 摩洛哥,Morocco
1,2016/10/28,2016,10,28,Africa, 馬達加斯加,Madagascar
1,2016/10/27,2016,10,27,Africa, 索馬利亞,Somalia
1,2016/10/26,2016,10,26,Africa, 肯亞,Kenya
1,2016/10/25,2016,10,25,Africa, 利比亞,Libya
1,2016/10/21,2016,10,21,Africa, 衣索比亞,Ethiopia
1,2016/10/20,2016,10,20,Africa, 剛果民主共和國,Democratic Republic of the Congo
1,2016/10/19,2016,10,19,Africa, 索馬利亞,Somalia
1,2016/10/18,2016,10,18,Africa, 盧安達,Luanda
1,2016/10/17,2016,10,17,Africa, 尼日,Niger
1,2016/10/14,2016,10,14,Africa, 奈及利亞,Nigeria
1,2016/10/13,2016,10,13,Africa, 蒲隆地,Burundi
1,2016/10/12,2016,10,12,Africa, 剛果民主共和國,Democratic Republic of the Congo
1,2016/10/11,2016,10,11,Africa, 蒲隆地,Burundi
1,2016/10/6,2016,10,6,Africa, 衣索比亞,Ethiopia
1,2016/10/5,2016,10,5,Africa, 剛果,Congo
1,2016/10/3,2016,10,3,Africa, 衣索匹亞,Ethiopia
1,2016/9/30,2016,9,30,Africa, 索馬利亞,Somalia
1,2016/9/29,2016,9,29,Africa, 阿爾及利亞,Algeria
1,2016/9/29,2016,9,29,Africa, 蘇丹,Sudan
1,2016/9/22,2016,9,22,Africa, 埃及,Egypt
1,2016/9/22,2016,9,22,Africa, 衣索比亞,Ethiopia
1,2016/9/21,2016,9,21,Africa, 索馬利亞,Somalia
1,2016/9/20,2016,9,20,Africa, 剛果民主共和國,Democratic Republic of the Congo
1,2016/9/19,2016,9,19,Africa, 中非共和國,Central African Republic
1,2016/9/19,2016,9,19,Africa, 南蘇丹,South Sudan
1,2016/9/14,2016,9,14,Africa, 南非,South Africa
1,2016/9/13,2016,9,13,Africa, 坦尚尼亞,Tanzania
1,2016/9/12,2016,9,12,Africa, 肯亞,Kenya
1,2016/9/10,2016,9,10,Africa, 貝南,Benin
1,2016/9/9,2016,9,9,Africa, 加彭,Gabon
1,2016/9/8,2016,9,8,Africa, 辛巴威,Zimbabwe
1,2016/9/7,2016,9,7,Africa, 加彭,Gabon
1,2016/9/2,2016,9,2,Africa, 加彭,Gabon
1,2016/9/1,2016,9,1,Africa, 加彭,Gabon
1,2016/8/31,2016,8,31,Africa, 索馬利亞,Somalia
1,2016/8/30,2016,8,30,Africa, 加彭,Gabon
1,2016/8/29,2016,8,29,Africa, 加彭,Gabon
1,2016/8/26,2016,8,26,Africa, 奈及利亞,Nigeria
1,2016/8/25,2016,8,25,Africa, 辛巴威,Zimbabwe
1,2016/8/24,2016,8,24,Africa, 剛果民主共和國,Democratic Republic of the Congo
1,2016/8/24,2016,8,24,Africa, 利比亞,Libya
1,2016/8/22,2016,8,22,Africa, 馬利,Marley
1,2016/8/19,2016,8,19,Africa, 剛果民主共和國,Democratic Republic of the Congo
1,2016/8/18,2016,8,18,Africa, 南蘇丹,South Sudan
1,2016/8/17,2016,8,17,Africa, 尚比亞,Zambia
1,2016/8/16,2016,8,16,Africa, 尚比亞,Zambia
1,2016/8/15,2016,8,15,Africa, 剛果民主共和國,Democratic Republic of the Congo
1,2016/8/12,2016,8,12,Africa, 尚比亞,Zambia
1,2016/8/11,2016,8,11,Africa, 利比亞,Libya
1,2016/8/9,2016,8,9,Africa, 衣索匹亞,Ethiopia
1,2016/8/8,2016,8,8,Africa, 聖多美及普林西比,Sao Tome and Principe
1,2016/8/5,2016,8,5,Africa, 南非,South Africa
1,2016/8/4,2016,8,4,Africa, 南非,South Africa
1,2016/8/2,2016,8,2,Africa, 利比亞,Libya
1,2016/8/1,2016,8,1,Africa, 突尼西亞,Tunisia
1,2016/7/27,2016,7,27,Africa, 索馬利亞,Somalia
1,2016/7/26,2016,7,26,Africa, 利比亞,Libya
1,2016/7/25,2016,7,25,Africa, 南蘇丹,South Sudan
1,2016/7/22,2016,7,22,Africa, 甘比亞,Gambia
1,2016/7/21,2016,7,21,Africa, 利比亞,Libya
1,2016/7/20,2016,7,20,Africa, 馬利,Mali
1,2016/7/19,2016,7,19,Africa, 奈及利亞,Nigeria
1,2016/7/18,2016,7,18,Africa, 摩洛哥,Morocco
1,2016/7/15,2016,7,15,Africa, 南蘇丹,South Sudan
1,2016/7/13,2016,7,13,Africa, 南蘇丹,South Sudan
1,2016/7/12,2016,7,12,Africa, 索馬利亞,Somalia
1,2016/7/11,2016,7,11,Africa, 南蘇丹,South Sudan
1,2016/7/7,2016,7,7,Africa, 莫三比克,Mozambique
1,2016/7/6,2016,7,6,Africa, 盧安達,Luanda
1,2016/7/1,2016,7,1,Africa, 索馬利亞,Somalia
1,2016/6/30,2016,6,30,Africa, 南蘇丹,South Sudan
1,2016/6/29,2016,6,29,Africa, 埃及,Egypt
1,2016/6/28,2016,6,28,Africa, 南非,South Africa
1,2016/6/27,2016,6,27,Africa, 奈及利亞,Nigeria
1,2016/6/24,2016,6,24,Africa, 南蘇丹,South Sudan
1,2016/6/23,2016,6,23,Africa, 奈及利亞,Nigeria
1,2016/6/22,2016,6,22,Africa, 剛果,Congo
1,2016/6/21,2016,6,21,Africa, 肯亞,Kenya
1,2016/6/20,2016,6,20,Africa, 埃及,Egypt
1,2016/6/17,2016,6,17,Africa, 利比亞,Libya
1,2016/6/16,2016,6,16,Africa, 厄立垂亞,Erectile Asia
1,2016/6/15,2016,6,15,Africa, 迦納,Ghana
1,2016/6/14,2016,6,14,Africa, 利比亞,Libya
1,2016/6/13,2016,6,13,Africa, 迦納,Ghana
1,2016/6/7,2016,6,7,Africa, 南非,South Africa
1,2016/6/3,2016,6,3,Africa, 甘比亞,Gambia
1,2016/6/3,2016,6,3,Africa, 埃及,Egypt
1,2016/6/2,2016,6,2,Africa, 索馬利亞,Somalia
1,2016/5/31,2016,5,31,Africa, 塞內加爾,Senegal
1,2016/5/30,2016,5,30,Africa, 利比亞,Libya
1,2016/5/27,2016,5,27,Africa, 南非,South Africa
1,2016/5/25,2016,5,25,Africa, 突尼西亞,Speak Tunisia Tunisia
1,2016/5/24,2016,5,24,Africa, 肯亞,Kenya
1,2016/5/23,2016,5,23,Africa, 利比亞,Libya
1,2016/5/20,2016,5,20,Africa, 埃及,Egypt
1,2016/5/20,2016,5,20,Africa, 剛果,Congo
1,2016/5/20,2016,5,20,Africa, 奈及利亞,Nigeria
1,2016/5/19,2016,5,19,Africa, 埃及,Egypt
1,2016/5/18,2016,5,18,Africa, 肯亞,Kenya
1,2016/5/18,2016,5,18,Africa, 奈及利亞,Nigeria
1,2016/5/17,2016,5,17,Africa, 利比亞,Libya
1,2016/5/17,2016,5,17,Africa, 奈及利亞,Nigeria
1,2016/5/17,2016,5,17,Africa, 坦尚尼亞,Tanzania
1,2016/5/16,2016,5,16,Africa, 奈及利亞,Nigeria
1,2016/5/16,2016,5,16,Africa, 埃及,Egypt
1,2016/5/13,2016,5,13,Africa, 烏干達,Uganda
1,2016/5/12,2016,5,12,Africa, 烏干達,Uganda
1,2016/5/12,2016,5,12,Africa, 衣索匹亞,Ethiopia
1,2016/5/10,2016,5,10,Africa, 肯亞,Kenya
1,2016/5/10,2016,5,10,Africa, 盧安達,Luanda
1,2016/5/9,2016,5,9,Africa, 肯亞,Kenya
1,2016/5/9,2016,5,9,Africa, 埃及,Egypt
1,2016/5/6,2016,5,6,Africa, 奈及利亞,Nigeria
1,2016/5/4,2016,5,4,Africa, 奈及利亞,Nigeria
1,2016/5/4,2016,5,4,Africa, 辛巴威,Zimbabwe
1,2016/5/3,2016,5,3,Africa, 肯亞,Kenya
1,2016/5/3,2016,5,3,Africa, 埃及,Egypt
1,2016/5/2,2016,5,2,Africa, 埃及,Egypt
1,2016/5/2,2016,5,2,Africa, 肯亞,Kenya
1,2016/4/29,2016,4,29,Africa, 莫三比克,Mozambique
1,2016/4/28,2016,4,28,Africa, 奈及利亞,Nigeria
1,2016/4/27,2016,4,27,Africa, 南蘇丹,South Sudan
1,2016/4/25,2016,4,25,Africa, 埃及,Egypt
1,2016/4/25,2016,4,25,Africa, 蘇丹,Sudan
1,2016/4/22,2016,4,22,Africa, 南非,South Africa
1,2016/4/22,2016,4,22,Africa, 查德,Chad
1,2016/4/21,2016,4,21,Africa, 南蘇丹,South Sudan
1,2016/4/20,2016,4,20,Africa, 尚比亞,Zambia
1,2016/4/20,2016,4,20,Africa, 南蘇丹,South Sudan
1,2016/4/19,2016,4,19,Africa, 馬利,Marley
1,2016/4/19,2016,4,19,Africa, 衣索比亞,Ethiopia
1,2016/4/18,2016,4,18,Africa, 利比亞,Libya
1,2016/4/18,2016,4,18,Africa, 衣索比亞,Ethiopia
1,2016/4/15,2016,4,15,Africa, 迦納,Ghana
1,2016/4/14,2016,4,14,Africa, 蘇丹,Sudan
1,2016/4/14,2016,4,14,Africa, 奈及利亞,Nigeria
1,2016/4/13,2016,4,13,Africa, 奈及利亞,Nigeria
1,2016/4/12,2016,4,12,Africa, 奈及利亞,Nigeria
1,2016/4/11,2016,4,11,Africa, 蘇丹,Sudan
1,2016/4/8,2016,4,8,Africa, 肯亞,Kenya
1,2016/4/7,2016,4,7,Africa, 奈及利亞,Nigeria
1,2016/4/6,2016,4,6,Africa, 盧安達,Luanda
1,2016/3/31,2016,3,31,Africa, 烏干達,Uganda
1,2016/3/30,2016,3,30,Africa, 賴比瑞亞,Liberia
1,2016/3/30,2016,3,30,Africa, 埃及,Egypt
1,2016/3/29,2016,3,29,Africa, 奈及利亞,Nigeria
1,2016/3/29,2016,3,29,Africa, 吉布地,Djibouti
1,2016/3/28,2016,3,28,Africa, 衣索比亞,Ethiopia
1,2016/3/25,2016,3,25,Africa, 剛果,Congo
1,2016/3/24,2016,3,24,Africa, 塞內加爾,Senegal
1,2016/3/23,2016,3,23,Africa, 尼日,Niger
1,2016/3/22,2016,3,22,Africa, 貝南,Benin
1,2016/3/21,2016,3,21,Africa, 塞內加爾,Senegal
1,2016/3/21,2016,3,21,Africa, 尼日,Niger
1,2016/3/18,2016,3,18,Africa, 喀麥隆,Cameroon
1,2016/3/17,2016,3,17,Africa, 奈及利亞,Nigeria
1,2016/3/17,2016,3,17,Africa, 摩洛哥,Morocco
1,2016/3/16,2016,3,16,Africa, 布吉納法索,Burkina Faso
1,2016/3/16,2016,3,16,Africa, 辛巴威,Zimbabwe
1,2016/3/15,2016,3,15,Africa, 蒲隆地,Burundi
1,2016/3/14,2016,3,14,Africa, 象牙海岸,The Ivory Coast
1,2016/3/10,2016,3,10,Africa, 索馬利亞,Somalia
1,2016/3/8,2016,3,8,Africa, 突尼西亞,Tunisia
1,2016/3/8,2016,3,8,Africa, 索馬利亞,Somalia
1,2016/3/7,2016,3,7,Africa, 貝南,Benin
1,2016/3/3,2016,3,3,Africa, 埃及,Egypt
1,2016/3/3,2016,3,3,Africa, 坦尚尼亞,Tanzania
1,2016/3/1,2016,3,1,Africa, 索馬利亞,Somalia
1,2016/3/1,2016,3,1,Africa, 辛巴威,Zimbabwe
1,2016/2/26,2016,2,26,Africa, 蒲隆地,Burundi
1,2016/2/24,2016,2,24,Africa, 蒲隆地,Burundi
1,2016/2/23,2016,2,23,Africa, 衣索比亞,Ethiopia
1,2016/2/22,2016,2,22,Africa, 中非共和國,Central African Republic
1,2016/2/22,2016,2,22,Africa, 尼日,Niger
1,2016/2/19,2016,2,19,Africa, 烏干達,Uganda
1,2016/2/19,2016,2,19,Africa, 奈及利亞,Nigeria
1,2016/2/18,2016,2,18,Africa, 烏干達,Uganda
1,2016/2/17,2016,2,17,Africa, 塞內加爾,Senegal
1,2016/2/16,2016,2,16,Africa, 烏干達,Uganda
1,2016/2/16,2016,2,16,Africa, 安哥拉,Angola
1,2016/2/15,2016,2,15,Africa, 中非共和國,Central African Republic
1,2016/2/15,2016,2,15,Africa, 奈及利亞,Nigeria
1,2016/2/3,2016,2,3,Africa, 索馬利亞,Somalia
1,2016/2/2,2016,2,2,Africa, 史瓦濟蘭,Swaziland
1,2016/2/1,2016,2,1,Africa, 衣索比亞,Ethiopia
1,2016/2/1,2016,2,1,Africa, 奈及利亞,Nigeria
1,2016/1/30,2016,1,30,Africa, 中非共和國,Central African Republic
1,2016/1/29,2016,1,29,Africa, 南非,South Africa
1,2016/1/28,2016,1,28,Africa, 奈及利亞,Nigeria
1,2016/1/26,2016,1,26,Africa, 喀麥隆,Cameroon
1,2016/1/25,2016,1,25,Africa, 南非,South Africa
1,2016/1/22,2016,1,22,Africa, 索馬利亞,Somalia
1,2016/1/22,2016,1,22,Africa, 埃及,Egypt
1,2016/1/20,2016,1,20,Africa, 布吉納法索,Burkina Faso
1,2016/1/19,2016,1,19,Africa, 塞內加爾,Senegal
1,2016/1/18,2016,1,18,Africa, 布吉納法索,Burkina Faso
1,2016/1/15,2016,1,15,Africa, 獅子山共和國,Lion Rock Republic
1,2016/1/14,2016,1,14,Africa, 賴比瑞亞,Liberia
1,2016/1/11,2016,1,11,Africa, 南非,South Africa
1,2016/1/11,2016,1,11,Africa, 埃及,Egypt
1,2016/1/11,2016,1,11,Africa, 埃及,Egypt
1,2016/1/6,2016,1,6,Africa, 中非共和國,Central African Republic
1,2016/1/5,2016,1,5,Africa, 利比亞,Libya
1,2016/1/4,2016,1,4,Africa, 盧安達,Luanda
1,2015/12/30,2015,12,30,Africa, 幾內亞,Guinea
1,2015/12/29,2015,12,29,Africa, 烏干達,Uganda
1,2015/12/28,2015,12,28,Africa, 貝南,Benin
1,2015/12/28,2015,12,28,Africa, 奈及利亞,Nigeria
1,2015/12/25,2015,12,25,Africa, 奈及利亞,Nigeria
1,2015/12/23,2015,12,23,Africa, 史瓦濟蘭,Swaziland
1,2015/12/22,2015,12,22,Africa, 布吉納法索,Burkina Faso
1,2015/12/21,2015,12,21,Africa, 肯亞,Kenya
1,2015/12/17,2015,12,17,Africa, 南非,South Africa
1,2016/11/25,2016,11,25,Central and South America, 哥倫比亞,Colombia
1,2016/11/24,2016,11,24,Central and South America, 哥倫比亞,Colombia
1,2016/11/24,2016,11,24,Central and South America, 玻利維亞,Bolivia
1,2016/11/22,2016,11,22,Central and South America, 海地,Haiti
1,2016/11/21,2016,11,21,Central and South America, 祕魯,Peru
1,2016/11/21,2016,11,21,Central and South America, 海地,Haiti
1,2016/11/18,2016,11,18,Central and South America, 秘魯,Peru
1,2016/11/17,2016,11,17,Central and South America, 宏都拉斯,Honduras
1,2016/11/16,2016,11,16,Central and South America, 奈及利亞,Nigeria
1,2016/11/16,2016,11,16,Central and South America, 古巴,Cuba
1,2016/11/15,2016,11,15,Central and South America, 委內瑞拉,Venezuela
1,2016/11/14,2016,11,14,Central and South America, 哥倫比亞,Colombia
1,2016/11/11,2016,11,11,Central and South America, 墨西哥,Mexico
1,2016/11/10,2016,11,10,Central and South America, 古巴,Cuba
1,2016/11/10,2016,11,10,Central and South America, 巴西,Brazil
1,2016/11/8,2016,11,8,Central and South America, 尼加拉瓜,Nicaragua
1,2016/11/8,2016,11,8,Central and South America, 巴西,Brazil
1,2016/11/7,2016,11,7,Central and South America, 尼加拉瓜,Nicaragua
1,2016/11/2,2016,11,2,Central and South America, 委內瑞拉,Venezuela
1,2016/11/1,2016,11,1,Central and South America, 巴西,Brazil
1,2016/11/1,2016,11,1,Central and South America, 薩爾瓦多,El Salvador
1,2016/10/27,2016,10,27,Central and South America, 委內瑞拉,Venezuela
1,2016/10/26,2016,10,26,Central and South America, 委內瑞拉,Venezuela
1,2016/10/25,2016,10,25,Central and South America, 哥倫比亞,Colombia
1,2016/10/24,2016,10,24,Central and South America, 委內瑞拉,Venezuela
1,2016/10/21,2016,10,21,Central and South America, 巴西,Brazil
1,2016/10/20,2016,10,20,Central and South America, 巴西,Brazil
1,2016/10/19,2016,10,19,Central and South America, 厄瓜多,Ecuador
1,2016/10/18,2016,10,18,Central and South America, 哥倫比亞,Colombia
1,2016/10/17,2016,10,17,Central and South America, 海地,Haiti
1,2016/10/14,2016,10,14,Central and South America, 哥倫比亞,Colombia
1,2016/10/12,2016,10,12,Central and South America, 巴西,Brazil
1,2016/10/11,2016,10,11,Central and South America, 海地,Haiti
1,2016/10/7,2016,10,7,Central and South America, 海地,Haiti
1,2016/10/6,2016,10,6,Central and South America, 海地,Haiti
1,2016/10/5,2016,10,5,Central and South America, 海地,Haiti
1,2016/10/4,2016,10,4,Central and South America, 哥倫比亞,Colombia
1,2016/10/4,2016,10,4,Central and South America, 海地,Haiti
1,2016/10/3,2016,10,3,Central and South America, 哥倫比亞,Colombia
1,2016/9/30,2016,9,30,Central and South America, 哥倫比亞,Colombia
1,2016/9/26,2016,9,26,Central and South America, 墨西哥,Mexico
1,2016/9/14,2016,9,14,Central and South America, 巴西,Brazil
1,2016/9/13,2016,9,13,Central and South America, 墨西哥,Mexico
1,2016/9/12,2016,9,12,Central and South America, 哥倫比亞,Colombia
1,2016/9/8,2016,9,8,Central and South America, 巴西,Brazil
1,2016/9/5,2016,9,5,Central and South America, 哥倫比亞,Colombia
1,2016/9/5,2016,9,5,Central and South America, 阿根廷,Argentina
1,2016/9/2,2016,9,2,Central and South America, 巴西,Brazil
1,2016/9/1,2016,9,1,Central and South America, 巴西,Brazil
1,2016/8/31,2016,8,31,Central and South America, 墨西哥,Mexico
1,2016/8/30,2016,8,30,Central and South America, 巴西,Brazil
1,2016/8/29,2016,8,29,Central and South America, 哥倫比亞,Colombia
1,2016/8/26,2016,8,26,Central and South America, 玻利維亞,Bolivia
1,2016/8/25,2016,8,25,Central and South America, 哥倫比亞,Colombia
1,2016/8/24,2016,8,24,Central and South America, 委內瑞拉,Venezuela
1,2016/8/23,2016,8,23,Central and South America, 墨西哥,Mexico
1,2016/8/22,2016,8,22,Central and South America, 巴西,Brazil
1,2016/8/19,2016,8,19,Central and South America, 巴西,Brazil
1,2016/8/18,2016,8,18,Central and South America, 海地,Haiti
1,2016/8/17,2016,8,17,Central and South America, 墨西哥,Mexico
1,2016/8/16,2016,8,16,Central and South America, 墨西哥,Mexico
1,2016/8/15,2016,8,15,Central and South America, 古巴,Cuba
1,2016/8/12,2016,8,12,Central and South America, 委內瑞拉,Venezuela
1,2016/8/11,2016,8,11,Central and South America, 哥倫比亞,Colombia
1,2016/8/10,2016,8,10,Central and South America, 巴西,Brazil
1,2016/8/10,2016,8,10,Central and South America, 委內瑞拉,Venezuela
1,2016/8/9,2016,8,9,Central and South America, 墨西哥,Mexico
1,2016/8/8,2016,8,8,Central and South America, 墨西哥,Mexico
1,2016/8/5,2016,8,5,Central and South America, 阿根廷,Argentina
1,2016/8/4,2016,8,4,Central and South America, 貝里斯,Belize
1,2016/8/2,2016,8,2,Central and South America, 委內瑞拉,Venezuela
1,2016/8/1,2016,8,1,Central and South America, 巴西,Brazil
1,2016/7/29,2016,7,29,Central and South America, 瓜地馬拉,Guatemala
1,2016/7/29,2016,7,29,Central and South America, 秘魯,Peru
1,2016/7/28,2016,7,28,Central and South America, 阿根廷,Argentina
1,2016/7/28,2016,7,28,Central and South America, 委內瑞拉,Venezuela
1,2016/7/27,2016,7,27,Central and South America, 秘魯,Peru
1,2016/7/26,2016,7,26,Central and South America, 墨西哥,Mexico
1,2016/7/25,2016,7,25,Central and South America, 巴西,Brazil
1,2016/7/22,2016,7,22,Central and South America, 巴西,Brazil
1,2016/7/21,2016,7,21,Central and South America, 巴拿馬,Panama
1,2016/7/20,2016,7,20,Central and South America, 哥倫比亞,Colombia
1,2016/7/20,2016,7,20,Central and South America, 墨西哥,Mexico
1,2016/7/18,2016,7,18,Central and South America, 委內瑞拉,Venezuela
1,2016/7/15,2016,7,15,Central and South America, 巴西,Brazil
1,2016/7/14,2016,7,14,Central and South America, 巴西,Brazil
1,2016/7/13,2016,7,13,Central and South America, 巴西,Brazil
1,2016/7/12,2016,7,12,Central and South America, 委內瑞拉,Venezuela
1,2016/7/11,2016,7,11,Central and South America, 委內瑞拉,Venezuela
1,2016/7/7,2016,7,7,Central and South America, 巴西,Brazil
1,2016/7/6,2016,7,6,Central and South America, 智利,Chile
1,2016/7/4,2016,7,4,Central and South America, 委內瑞拉,Venezuela
1,2016/7/1,2016,7,1,Central and South America, 阿根廷,Argentina
1,2016/6/30,2016,6,30,Central and South America, 瓜地馬拉,Guatemala
1,2016/6/29,2016,6,29,Central and South America, 巴西,Brazil
1,2016/6/28,2016,6,28,Central and South America, 哥倫比亞,Colombia
1,2016/6/27,2016,6,27,Central and South America, 巴拿馬,Panama
1,2016/6/24,2016,6,24,Central and South America, 委內瑞拉,Venezuela
1,2016/6/23,2016,6,23,Central and South America, 哥倫比亞,Colombia
1,2016/6/22,2016,6,22,Central and South America, 委內瑞拉,Venezuela
1,2016/6/21,2016,6,21,Central and South America, 委內瑞拉,Venezuela
1,2016/6/20,2016,6,20,Central and South America, 墨西哥,Mexico
1,2016/6/17,2016,6,17,Central and South America, 巴西,Brazil
1,2016/6/16,2016,6,16,Central and South America, 海地,Haiti
1,2016/6/16,2016,6,16,Central and South America, 巴西,Brazil
1,2016/6/15,2016,6,15,Central and South America, 巴西,Brazil
1,2016/6/14,2016,6,14,Central and South America, 委內瑞拉,Venezuela
1,2016/6/13,2016,6,13,Central and South America, 委內瑞拉,Venezuela
1,2016/6/13,2016,6,13,Central and South America, 祕魯,Peru
1,2016/6/8,2016,6,8,Central and South America, 祕魯,Peru
1,2016/6/6,2016,6,6,Central and South America, 祕魯,Peru
1,2016/6/6,2016,6,6,Central and South America, 古巴,Cuba
1,2016/6/4,2016,6,4,Central and South America, 祕魯,Peru
1,2016/6/3,2016,6,3,Central and South America, 委內瑞拉,Venezuela
1,2016/6/1,2016,6,1,Central and South America, 委內瑞拉,Venezuela
1,2016/5/31,2016,5,31,Central and South America, 巴西,Brazil
1,2016/5/30,2016,5,30,Central and South America, 巴西,Brazil
1,2016/5/27,2016,5,27,Central and South America, 智利,Chile
1,2016/5/26,2016,5,26,Central and South America, 巴西,Brazil
1,2016/5/25,2016,5,25,Central and South America, 古巴,Cuba
1,2016/5/24,2016,5,24,Central and South America, 巴西,Brazil
1,2016/5/23,2016,5,23,Central and South America, 委內瑞拉,Venezuela
1,2016/5/20,2016,5,20,Central and South America, 阿根廷,Argentina
1,2016/5/20,2016,5,20,Central and South America, 委內瑞拉,Venezuela
1,2016/5/18,2016,5,18,Central and South America, 巴西,Brazil
1,2016/5/18,2016,5,18,Central and South America, 墨西哥,Mexico
1,2016/5/17,2016,5,17,Central and South America, 哥倫比亞,Colombia
1,2016/5/17,2016,5,17,Central and South America, 多明尼加,Dominican Republic
1,2016/5/16,2016,5,16,Central and South America, 委內瑞拉,Venezuela
1,2016/5/16,2016,5,16,Central and South America, 多明尼加,Dominican Republic
1,2016/5/13,2016,5,13,Central and South America, 巴西,Brazil
1,2016/5/12,2016,5,12,Central and South America, 巴西,Brazil
1,2016/5/11,2016,5,11,Central and South America, 巴拿馬,Panama
1,2016/5/5,2016,5,5,Central and South America, 巴西,Brazil
1,2016/5/4,2016,5,4,Central and South America, 巴西,Brazil
1,2016/5/3,2016,5,3,Central and South America, 委內瑞拉,Venezuela
1,2016/5/2,2016,5,2,Central and South America, 委內瑞拉,Venezuela
1,2016/4/29,2016,4,29,Central and South America, 巴拿馬,Panama
1,2016/4/28,2016,4,28,Central and South America, 宏都拉斯,Honduras
1,2016/4/28,2016,4,28,Central and South America, 哥倫比亞,Colombia
1,2016/4/27,2016,4,27,Central and South America, 巴西,Brazil
1,2016/4/27,2016,4,27,Central and South America, 瓜地馬拉,Guatemala
1,2016/4/25,2016,4,25,Central and South America, 薩爾瓦多,El Salvador
1,2016/4/22,2016,4,22,Central and South America, 厄瓜多,Ecuador
1,2016/4/22,2016,4,22,Central and South America, 墨西哥,Mexico
1,2016/4/21,2016,4,21,Central and South America, 墨西哥,Mexico
1,2016/4/21,2016,4,21,Central and South America, 薩爾瓦多,El Salvador
1,2016/4/20,2016,4,20,Central and South America, 厄瓜多,Ecuador
1,2016/4/19,2016,4,19,Central and South America, 瓜地馬拉,Guatemala
1,2016/4/19,2016,4,19,Central and South America, 巴西,Brazil
1,2016/4/18,2016,4,18,Central and South America, 厄瓜多爾,Ecuador
1,2016/4/15,2016,4,15,Central and South America, 阿根廷,Argentina
1,2016/4/15,2016,4,15,Central and South America, 哥倫比亞,Colombia
1,2016/4/14,2016,4,14,Central and South America, 巴拿馬,Panama
1,2016/4/13,2016,4,13,Central and South America, 巴西,Brazil
1,2016/4/12,2016,4,12,Central and South America, 巴西,Brazil
1,2016/4/12,2016,4,12,Central and South America, 委內瑞拉,Venezuela
1,2016/4/11,2016,4,11,Central and South America, 祕魯,Peru
1,2016/4/11,2016,4,11,Central and South America, 薩爾瓦多,El Salvador
1,2016/4/8,2016,4,8,Central and South America, 委內瑞拉,Venezuela
1,2016/4/8,2016,4,8,Central and South America, 墨西哥,Mexico
1,2016/4/7,2016,4,7,Central and South America, 巴拿馬,Panama
1,2016/4/6,2016,4,6,Central and South America, 多明尼加,Dominican Republic
1,2016/4/6,2016,4,6,Central and South America, 巴拿馬,Panama
1,2016/4/1,2016,4,1,Central and South America, 阿根廷,Argentina
1,2016/4/1,2016,4,1,Central and South America, 巴西,Brazil
1,2016/3/31,2016,3,31,Central and South America, 委內瑞拉,Venezuela
1,2016/3/31,2016,3,31,Central and South America, 哥倫比亞,Colombia
1,2016/3/30,2016,3,30,Central and South America, 巴西,Brazil
1,2016/3/29,2016,3,29,Central and South America, 巴西,Brazil
1,2016/3/29,2016,3,29,Central and South America, 古巴,Cuba
1,2016/3/28,2016,3,28,Central and South America, 玻利維亞,Bolivia
1,2016/3/25,2016,3,25,Central and South America, 巴拿馬,Panama
1,2016/3/25,2016,3,25,Central and South America, 阿根廷,Argentina
1,2016/3/24,2016,3,24,Central and South America, 哥倫比亞,Colombia
1,2016/3/24,2016,3,24,Central and South America, 阿根廷,Argentina
1,2016/3/23,2016,3,23,Central and South America, 巴西,Brazil
1,2016/3/23,2016,3,23,Central and South America, 古巴,Cuba
1,2016/3/22,2016,3,22,Central and South America, 巴西,Brazil
1,2016/3/22,2016,3,22,Central and South America, 古巴,Cuba
1,2016/3/21,2016,3,21,Central and South America, 古巴,Cuba
1,2016/3/18,2016,3,18,Central and South America, 智利,Chile
1,2016/3/18,2016,3,18,Central and South America, 巴西,Brazil
1,2016/3/17,2016,3,17,Central and South America, 阿根廷,Argentina
1,2016/3/17,2016,3,17,Central and South America, 巴西,Brazil
1,2016/3/16,2016,3,16,Central and South America, 阿根廷,Argentina
1,2016/3/15,2016,3,15,Central and South America, 巴西,Brazil
1,2016/3/14,2016,3,14,Central and South America, 古巴,Cuba
1,2016/3/10,2016,3,10,Central and South America, 秘魯,Peru
1,2016/3/9,2016,3,9,Central and South America, 薩爾瓦多,El Salvador
1,2016/3/7,2016,3,7,Central and South America, 牙買加,Jamaica
1,2016/3/3,2016,3,3,Central and South America, 巴西,Brazil
1,2016/3/3,2016,3,3,Central and South America, 墨西哥,Mexico
1,2016/3/1,2016,3,1,Central and South America, 哥倫比亞,Colombia
1,2016/3/1,2016,3,1,Central and South America, 阿根廷,Argentina
1,2016/2/26,2016,2,26,Central and South America, 巴西,Brazil
1,2016/2/26,2016,2,26,Central and South America, 牙買加,Jamaica
1,2016/2/24,2016,2,24,Central and South America, 玻利維亞,Bolivia
1,2016/2/23,2016,2,23,Central and South America, 祕魯,Peru
1,2016/2/22,2016,2,22,Central and South America, 玻利維亞,Bolivia
1,2016/2/15,2016,2,15,Central and South America, 墨西哥,Mexico
1,2016/2/15,2016,2,15,Central and South America, 古巴,Cuba
1,2016/2/15,2016,2,15,Central and South America, 海地,Haiti
1,2016/2/5,2016,2,5,Central and South America, 哥倫比亞,Colombia
1,2016/2/4,2016,2,4,Central and South America, 烏拉圭,Uruguay
1,2016/2/2,2016,2,2,Central and South America, 巴西,Brazil
1,2016/2/2,2016,2,2,Central and South America, 古巴,Cuba
1,2016/1/26,2016,1,26,Central and South America, 哥倫比亞,Colombia
1,2016/1/25,2016,1,25,Central and South America, 海地,Haiti
1,2016/1/22,2016,1,22,Central and South America, 海地,Haiti
1,2016/1/20,2016,1,20,Central and South America, 宏都拉斯,Honduras
1,2016/1/19,2016,1,19,Central and South America, 巴西,Brazil
1,2016/1/19,2016,1,19,Central and South America, 巴西,Brazil
1,2016/1/18,2016,1,18,Central and South America, 委內瑞拉,Venezuela
1,2016/1/14,2016,1,14,Central and South America, 瓜地馬拉,Guatemala
1,2016/1/12,2016,1,12,Central and South America, 墨西哥,Mexico
1,2016/1/11,2016,1,11,Central and South America, 宏都拉斯,Honduras
1,2016/1/11,2016,1,11,Central and South America, 瓜地馬拉,Guatemala
1,2016/1/6,2016,1,6,Central and South America, 巴西,Brazil
1,2016/1/5,2016,1,5,Central and South America, 委內瑞拉,Venezuela
1,2016/1/4,2016,1,4,Central and South America, 墨西哥,Mexico
1,2015/12/30,2015,12,30,Central and South America, 巴西,Brazil
1,2015/12/28,2015,12,28,Central and South America, 阿根廷,Argentina
1,2015/12/25,2015,12,25,Central and South America, 阿根廷,Argentina
1,2015/12/24,2015,12,24,Central and South America, 委內瑞拉,Venezuela
1,2015/12/24,2015,12,24,Central and South America, 墨西哥,Mexico
1,2015/12/22,2015,12,22,Central and South America, 薩爾瓦多,El Salvador
1,2015/12/17,2015,12,17,Central and South America, 巴西,Brazil
1,2016/11/25,2016,11,25,Europe, 比利時,Belgium
1,2016/11/25,2016,11,25,Europe, 烏克蘭,Ukraine
1,2016/11/24,2016,11,24,Europe, 德國,Germany
1,2016/11/24,2016,11,24,Europe, 英國,United Kingdom
1,2016/11/23,2016,11,23,Europe, 德國,Germany
1,2016/11/22,2016,11,22,Europe, 梵蒂岡,The Vatican
1,2016/11/22,2016,11,22,Europe, 俄羅斯,Russia
1,2016/11/21,2016,11,21,Europe, 德國,Germany
1,2016/11/21,2016,11,21,Europe, 法國,France
1,2016/11/18,2016,11,18,Europe, 英國,United Kingdom
1,2016/11/18,2016,11,18,Europe, 德國,Germany
1,2016/11/17,2016,11,17,Europe, 比利時,Belgium
1,2016/11/17,2016,11,17,Europe, 法國,France
1,2016/11/16,2016,11,16,Europe, 摩爾多瓦,Moldova
1,2016/11/16,2016,11,16,Europe, 俄羅斯,Russia
1,2016/11/15,2016,11,15,Europe, 俄羅斯,Russia
1,2016/11/15,2016,11,15,Europe, 德國,Germany
1,2016/11/14,2016,11,14,Europe, 保加利亞,Bulgaria
1,2016/11/14,2016,11,14,Europe, 俄羅斯,Russia
1,2016/11/11,2016,11,11,Europe, 比利時,Belgium
1,2016/11/11,2016,11,11,Europe, 德國,Germany
1,2016/11/10,2016,11,10,Europe, 德國,Germany
1,2016/11/10,2016,11,10,Europe, 俄羅斯,Russia
1,2016/11/9,2016,11,9,Europe, 俄羅斯,Russia
1,2016/11/9,2016,11,9,Europe, 德國,Germany
1,2016/11/8,2016,11,8,Europe, 比利時,Belgium
1,2016/11/8,2016,11,8,Europe, 英國,United Kingdom
1,2016/11/7,2016,11,7,Europe, 梵蒂岡,The Vatican
1,2016/11/7,2016,11,7,Europe, 德國,Germany
1,2016/11/4,2016,11,4,Europe, 比利時,Belgium
1,2016/11/4,2016,11,4,Europe, 英國,United Kingdom
1,2016/11/3,2016,11,3,Europe, 法國,France
1,2016/11/3,2016,11,3,Europe, 比利時,Belgium
1,2016/11/2,2016,11,2,Europe, 俄羅斯,Russia
1,2016/11/2,2016,11,2,Europe, 保加利亞,Bulgaria
1,2016/11/1,2016,11,1,Europe, 英國,United Kingdom
1,2016/11/1,2016,11,1,Europe, 義大利,Italy
1,2016/10/31,2016,10,31,Europe, 比利時,Belgium
1,2016/10/31,2016,10,31,Europe, 義大利,Italy
1,2016/10/28,2016,10,28,Europe, 比利時,Belgium
1,2016/10/28,2016,10,28,Europe, 比利時,Belgium
1,2016/10/27,2016,10,27,Europe, 俄羅斯,Russia
1,2016/10/27,2016,10,27,Europe, 義大利,Italy
1,2016/10/26,2016,10,26,Europe, 挪威,Norway
1,2016/10/26,2016,10,26,Europe, 比利時,Belgium
1,2016/10/25,2016,10,25,Europe, 德國,Germany
1,2016/10/25,2016,10,25,Europe, 波蘭,Poland
1,2016/10/24,2016,10,24,Europe, 西班牙,Spain
1,2016/10/24,2016,10,24,Europe, 法國,France
1,2016/10/21,2016,10,21,Europe, 俄羅斯,Russia
1,2016/10/20,2016,10,20,Europe, 比利時,Belgium
1,2016/10/20,2016,10,20,Europe, 英國,United Kingdom
1,2016/10/19,2016,10,19,Europe, 比利時,Belgium
1,2016/10/19,2016,10,19,Europe, 俄羅斯,Russia
1,2016/10/18,2016,10,18,Europe, 奧地利,Austria
1,2016/10/18,2016,10,18,Europe, 義大利,Italy
1,2016/10/17,2016,10,17,Europe, 蒙特內哥羅,Montenegro
1,2016/10/17,2016,10,17,Europe, 英國,United Kingdom
1,2016/10/14,2016,10,14,Europe, 比利時,Belgium
1,2016/10/14,2016,10,14,Europe, 德國,Germany
1,2016/10/13,2016,10,13,Europe, 委內瑞拉,Venezuela
1,2016/10/12,2016,10,12,Europe, 法國,France
1,2016/10/12,2016,10,12,Europe, 義大利,Italy
1,2016/10/11,2016,10,11,Europe, 法國,France
1,2016/10/7,2016,10,7,Europe, 德國,Germany
1,2016/10/7,2016,10,7,Europe, 波蘭,Poland
1,2016/10/6,2016,10,6,Europe, 比利時,Belgium
1,2016/10/6,2016,10,6,Europe, 英國,United Kingdom
1,2016/10/5,2016,10,5,Europe, 法國,France
1,2016/10/5,2016,10,5,Europe, 俄羅斯,Russia
1,2016/10/4,2016,10,4,Europe, 俄羅斯,Russia
1,2016/10/4,2016,10,4,Europe, 愛沙尼亞,Estonia
1,2016/10/3,2016,10,3,Europe, 英國,United Kingdom
1,2016/10/3,2016,10,3,Europe, 匈牙利,Hungary
1,2016/9/30,2016,9,30,Europe, 德國,Germany
1,2016/9/30,2016,9,30,Europe, 德國,Germany
1,2016/9/29,2016,9,29,Europe, 俄羅斯,Russia
1,2016/9/29,2016,9,29,Europe, 西班牙,Spain
1,2016/9/26,2016,9,26,Europe, 奧地利,Austria
1,2016/9/26,2016,9,26,Europe, 匈牙利,Hungary
1,2016/9/23,2016,9,23,Europe, 法國,France
1,2016/9/23,2016,9,23,Europe, 比利時,Belgium
1,2016/9/22,2016,9,22,Europe, 法國,France
1,2016/9/22,2016,9,22,Europe, 俄羅斯,Russia
1,2016/9/21,2016,9,21,Europe, 希臘,Greece
1,2016/9/21,2016,9,21,Europe, 比利時,Belgium
1,2016/9/20,2016,9,20,Europe, 德國,Germany
1,2016/9/20,2016,9,20,Europe, 俄羅斯,Russia
1,2016/9/19,2016,9,19,Europe, 俄羅斯,Russia
1,2016/9/19,2016,9,19,Europe, 比利時,Belgium
1,2016/9/14,2016,9,14,Europe, 盧森堡,Luxembourg
1,2016/9/14,2016,9,14,Europe, 德國,Germany
1,2016/9/13,2016,9,13,Europe, 克羅埃西亞,Croatia
1,2016/9/13,2016,9,13,Europe, 西班牙,Spain
1,2016/9/12,2016,9,12,Europe, 法國,France
1,2016/9/12,2016,9,12,Europe, 西班牙,Spain
1,2016/9/10,2016,9,10,Europe, 西班牙,Spain
1,2016/9/10,2016,9,10,Europe, 法國,France
1,2016/9/9,2016,9,9,Europe, 法國,France
1,2016/9/9,2016,9,9,Europe, 挪威,Norway
1,2016/9/8,2016,9,8,Europe, 法國,France
1,2016/9/8,2016,9,8,Europe, 丹麥,Denmark
1,2016/9/7,2016,9,7,Europe, 法國,France
1,2016/9/7,2016,9,7,Europe, 英國,United Kingdom
1,2016/9/6,2016,9,6,Europe, 德國,Germany
1,2016/9/6,2016,9,6,Europe, 法國,France
1,2016/9/5,2016,9,5,Europe, 德國,Germany
1,2016/9/5,2016,9,5,Europe, 梵蒂岡,The Vatican
1,2016/9/2,2016,9,2,Europe, 法國,France)
1,2016/9/1,2016,9,1,Europe, 西班牙,Spain
1,2016/9/1,2016,9,1,Europe, 希臘,Greece
1,2016/8/31,2016,8,31,Europe, 法國,France
1,2016/8/31,2016,8,31,Europe, 法國,France
1,2016/8/30,2016,8,30,Europe, 德國,Germany
1,2016/8/30,2016,8,30,Europe, 義大利,Italy
1,2016/8/29,2016,8,29,Europe, 德國,Germany
1,2016/8/29,2016,8,29,Europe, 法國,France
1,2016/8/26,2016,8,26,Europe, 義大利,Italy
1,2016/8/26,2016,8,26,Europe, 比利時,Belgium
1,2016/8/25,2016,8,25,Europe, 義大利,Italy
1,2016/8/25,2016,8,25,Europe, 法國,France
1,2016/8/24,2016,8,24,Europe, 法國,France
1,2016/8/24,2016,8,24,Europe, 義大利,Italy
1,2016/8/23,2016,8,23,Europe, 德國,Germany
1,2016/8/23,2016,8,23,Europe, 義大利,Italy
1,2016/8/22,2016,8,22,Europe, 法國,France
1,2016/8/22,2016,8,22,Europe, 奧地利,Austria
1,2016/8/19,2016,8,19,Europe, 俄羅斯,Russia
1,2016/8/19,2016,8,19,Europe, 烏克蘭,Ukraine
1,2016/8/18,2016,8,18,Europe, 德國,Germany
1,2016/8/18,2016,8,18,Europe, 法國,France
1,2016/8/17,2016,8,17,Europe, 俄羅斯,Russia
1,2016/8/17,2016,8,17,Europe, 奧地利,Austria
1,2016/8/16,2016,8,16,Europe, 德國,Germany
1,2016/8/15,2016,8,15,Europe, 英國,United Kingdom
1,2016/8/15,2016,8,15,Europe, 瑞典,Sweden
1,2016/8/12,2016,8,12,Europe, 烏克蘭,Ukraine
1,2016/8/12,2016,8,12,Europe, 德國,Germany
1,2016/8/11,2016,8,11,Europe, 法國,France
1,2016/8/10,2016,8,10,Europe, 英國,United Kingdom
1,2016/8/10,2016,8,10,Europe, 德國,Germany
1,2016/8/9,2016,8,9,Europe, 德國,Germany
1,2016/8/9,2016,8,9,Europe, 英國,United Kingdom
1,2016/8/8,2016,8,8,Europe, 比利時,Belgium
1,2016/8/5,2016,8,5,Europe, 奧地利,Austria
1,2016/8/5,2016,8,5,Europe, 英國,United Kingdom
1,2016/8/4,2016,8,4,Europe, 英國,United Kingdom
1,2016/8/4,2016,8,4,Europe, 瑞士,Switzerland
1,2016/8/3,2016,8,3,Europe, 西班牙,Spain
1,2016/8/3,2016,8,3,Europe, 法國,France
1,2016/8/2,2016,8,2,Europe, ,
1,2016/8/2,2016,8,2,Europe, 英國,United Kingdom
1,2016/8/1,2016,8,1,Europe, 比利時,Belgium
1,2016/8/1,2016,8,1,Europe, 法國,France
1,2016/7/29,2016,7,29,Europe, 西班牙,Spain
1,2016/7/29,2016,7,29,Europe, 挪威,Norway
1,2016/7/28,2016,7,28,Europe, 法國,France
1,2016/7/28,2016,7,28,Europe, 俄羅斯,Russia
1,2016/7/27,2016,7,27,Europe, 法國,France
1,2016/7/27,2016,7,27,Europe, 比利時,Belgium
1,2016/7/26,2016,7,26,Europe, 比利時,Belgium
1,2016/7/26,2016,7,26,Europe, 德國,/ RTI & gt;
1,2016/7/25,2016,7,25,Europe, 德國,Germany
1,2016/7/25,2016,7,25,Europe, 德國,Germany
1,2016/7/22,2016,7,22,Europe, 比利時,Belgium
1,2016/7/22,2016,7,22,Europe, 法國,France
1,2016/7/21,2016,7,21,Europe, 荷蘭,Netherlands
1,2016/7/21,2016,7,21,Europe, 德國,Germany
1,2016/7/20,2016,7,20,Europe, 德國,Germany
1,2016/7/20,2016,7,20,Europe, 英國,United Kingdom
1,2016/7/19,2016,7,19,Europe, 德國,Germany
1,2016/7/18,2016,7,18,Europe, 法國,France
1,2016/7/18,2016,7,18,Europe, 英國,United Kingdom
1,2016/7/15,2016,7,15,Europe, 法國,France
1,2016/7/15,2016,7,15,Europe, 英國,United Kingdom
1,2016/7/14,2016,7,14,Europe, 盧森堡,Luxembourg
1,2016/7/14,2016,7,14,Europe, 英國,United Kingdom
1,2016/7/14,2016,7,14,Europe, 義大利,Italy
1,2016/7/14,2016,7,14,Europe, 英國,United Kingdom
1,2016/7/12,2016,7,12,Europe, 荷蘭,Netherlands
1,2016/7/12,2016,7,12,Europe, 義大利,Italy
1,2016/7/12,2016,7,12,Europe, 英國,United Kingdom
1,2016/7/11,2016,7,11,Europe, 英國,United Kingdom
1,2016/7/11,2016,7,11,Europe, 德國,Germany
1,2016/7/7,2016,7,7,Europe, 英國,United Kingdom
1,2016/7/7,2016,7,7,Europe, 英國,United Kingdom
1,2016/7/6,2016,7,6,Europe, 匈牙利,Hungary
1,2016/7/6,2016,7,6,Europe, 德國,Germany
1,2016/7/5,2016,7,5,Europe, 英國,United Kingdom
1,2016/7/5,2016,7,5,Europe, 比利時,Belgium
1,2016/7/4,2016,7,4,Europe, 英國,United Kingdom
1,2016/7/4,2016,7,4,Europe, 英國,United Kingdom
1,2016/7/1,2016,7,1,Europe, 英國,United Kingdom
1,2016/7/1,2016,7,1,Europe, 比利時,Belgium
1,2016/6/30,2016,6,30,Europe, 荷蘭,Netherlands
1,2016/6/29,2016,6,29,Europe, 比利時,Belgium
1,2016/6/29,2016,6,29,Europe, 英國,United Kingdom
1,2016/6/28,2016,6,28,Europe, 德國,Germany
1,2016/6/28,2016,6,28,Europe, 英國,United Kingdom
1,2016/6/27,2016,6,27,Europe, 西班牙,Spain
1,2016/6/27,2016,6,27,Europe, 英國,United Kingdom
1,2016/6/27,2016,6,27,Europe, 冰島,Iceland
1,2016/6/24,2016,6,24,Europe, 英國,United Kingdom
1,2016/6/24,2016,6,24,Europe, 法國,France
1,2016/6/23,2016,6,23,Europe, 比利時,Belgium
1,2016/6/23,2016,6,23,Europe, 英國,United Kingdom
1,2016/6/22,2016,6,22,Europe, 比利時,Belgium
1,2016/6/21,2016,6,21,Europe, 比利時,Belgium
1,2016/6/21,2016,6,21,Europe, 英國,United Kingdom
1,2016/6/20,2016,6,20,Europe, 英國,United Kingdom
1,2016/6/20,2016,6,20,Europe, 義大利,Italy
1,2016/6/17,2016,6,17,Europe, 克羅埃西亞,Croatia
1,2016/6/17,2016,6,17,Europe, 英國,United Kingdom
1,2016/6/16,2016,6,16,Europe, 法國,France
1,2016/6/16,2016,6,16,Europe, 德國,Germany
1,2016/6/15,2016,6,15,Europe, 比利時,Belgium
1,2016/6/15,2016,6,15,Europe, 法國,France
1,2016/6/14,2016,6,14,Europe, 比利時,Belgium
1,2016/6/14,2016,6,14,Europe, 法國,France
1,2016/6/13,2016,6,13,Europe, 英國,United Kingdom
1,2016/6/8,2016,6,8,Europe, 英國,United Kingdom
1,2016/6/8,2016,6,8,Europe, 比利時,Belgium
1,2016/6/7,2016,6,7,Europe, 法國,France
1,2016/6/7,2016,6,7,Europe, 波蘭,Poland
1,2016/6/6,2016,6,6,Europe, 英國,UK
1,2016/6/6,2016,6,6,Europe, 比利時,Belgium
1,2016/6/6,2016,6,6,Europe, 瑞士,Switzerland
1,2016/6/4,2016,6,4,Europe, 希臘,Greece
1,2016/6/4,2016,6,4,Europe, 法國,France
1,2016/6/4,2016,6,4,Europe, 比利時,Belgium
1,2016/6/3,2016,6,3,Europe, 英國,United Kingdom
1,2016/6/3,2016,6,3,Europe, 法國,France
1,2016/6/2,2016,6,2,Europe, 法國,France
1,2016/6/2,2016,6,2,Europe, 瑞士,Switzerland
1,2016/6/1,2016,6,1,Europe, 法國,France
1,2016/6/1,2016,6,1,Europe, 英國,United Kingdom
1,2016/5/31,2016,5,31,Europe, 希臘,Greece
1,2016/5/30,2016,5,30,Europe, 法國,France)
1,2016/5/27,2016,5,27,Europe, 英國,United Kingdom
1,2016/5/25,2016,5,25,Europe, 希臘,Greece
1,2016/5/24,2016,5,24,Europe, 奧地利,Austria
1,2016/5/23,2016,5,23,Europe, 土耳其,Turkey
1,2016/5/23,2016,5,23,Europe, 希臘,Greece
1,2016/5/20,2016,5,20,Europe, 丹麥,Denmark
1,2016/5/20,2016,5,20,Europe, 法國,France
1,2016/5/19,2016,5,19,Europe, 瑞士,Switzerland
1,2016/5/19,2016,5,19,Europe, 法國,France
1,2016/5/18,2016,5,18,Europe, 荷蘭,Netherlands
1,2016/5/18,2016,5,18,Europe, 法國,France
1,2016/5/17,2016,5,17,Europe, 英國,United Kingdom
1,2016/5/17,2016,5,17,Europe, 法國,France
1,2016/5/16,2016,5,16,Europe, 德國,Germany
1,2016/5/16,2016,5,16,Europe, 法國,France
1,2016/5/13,2016,5,13,Europe, 波蘭,Poland
1,2016/5/13,2016,5,13,Europe, 瑞士,Switzerland
1,2016/5/12,2016,5,12,Europe, 羅馬尼亞,Romania
1,2016/5/12,2016,5,12,Europe, 德國,Germany
1,2016/5/11,2016,5,11,Europe, 俄羅斯,Russia
1,2016/5/10,2016,5,10,Europe, 俄羅斯,Russia
1,2016/5/9,2016,5,9,Europe, 希臘,Greece
1,2016/5/9,2016,5,9,Europe, 英國,United Kingdom
1,2016/5/5,2016,5,5,Europe, 英國,United Kingdom
1,2016/5/5,2016,5,5,Europe, 比利時,Belgium
1,2016/5/4,2016,5,4,Europe, 西班牙,Spain
1,2016/5/4,2016,5,4,Europe, 德國,Germany
1,2016/5/4,2016,5,4,Europe, 比利時,Belgium
1,2016/5/3,2016,5,3,Europe, 比利時,Belgium
1,2016/5/3,2016,5,3,Europe, 瑞士,Switzerland
1,2016/5/2,2016,5,2,Europe, 法國,France
1,2016/4/29,2016,4,29,Europe, 奧地利,Austria
1,2016/4/28,2016,4,28,Europe, 奧地利,Austria
1,2016/4/27,2016,4,27,Europe, 西班牙,Spain
1,2016/4/26,2016,4,26,Europe, 德國,Germany
1,2016/4/25,2016,4,25,Europe, 塞爾維亞,Serbia
1,2016/4/25,2016,4,25,Europe, 德國,Germany
1,2016/4/22,2016,4,22,Europe, 英國,United Kingdom
1,2016/4/22,2016,4,22,Europe, 荷蘭,Netherlands
1,2016/4/21,2016,4,21,Europe, 瑞士,Switzerland
1,2016/4/21,2016,4,21,Europe, 德國,Germany
1,2016/4/20,2016,4,20,Europe, 義大利,Italy
1,2016/4/20,2016,4,20,Europe, 德國,Germany
1,2016/4/19,2016,4,19,Europe, 俄羅斯,Russia
1,2016/4/19,2016,4,19,Europe, 義大利,Italy
1,2016/4/18,2016,4,18,Europe, 比利時,Belgium
1,2016/4/18,2016,4,18,Europe, 希臘,Greece
1,2016/4/15,2016,4,15,Europe, 德國,Germany
1,2016/4/15,2016,4,15,Europe, 烏克蘭,Ukraine
1,2016/4/14,2016,4,14,Europe, 俄羅斯,Russia
1,2016/4/13,2016,4,13,Europe, 德國,Germany
1,2016/4/13,2016,4,13,Europe, 奧地利,Austria
1,2016/4/12,2016,4,12,Europe, 法國,France
1,2016/4/12,2016,4,12,Europe, 比利時,Belgium
1,2016/4/11,2016,4,11,Europe, 烏克蘭,Ukraine
1,2016/4/11,2016,4,11,Europe, 比利時,Belgium
1,2016/4/8,2016,4,8,Europe, 希臘,Greece
1,2016/4/8,2016,4,8,Europe, 英國,United Kingdom
1,2016/4/8,2016,4,8,Europe, 比利時,Belgium
1,2016/4/7,2016,4,7,Europe, 荷蘭,Netherlands
1,2016/4/7,2016,4,7,Europe, 比利時,Belgium
1,2016/4/7,2016,4,7,Europe, 冰島,Iceland
1,2016/4/6,2016,4,6,Europe, 希臘,Greece
1,2016/4/6,2016,4,6,Europe, 冰島,Iceland
1,2016/4/1,2016,4,1,Europe, 比利時,Belgium
1,2016/4/1,2016,4,1,Europe, 比利時,Belgium
1,2016/3/31,2016,3,31,Europe, 法國,France
1,2016/3/30,2016,3,30,Europe, 德國,Germany
1,2016/3/30,2016,3,30,Europe, 英國,United Kingdom
1,2016/3/30,2016,3,30,Europe, 荷蘭,Netherlands
1,2016/3/29,2016,3,29,Europe, 英國,United Kingdom
1,2016/3/29,2016,3,29,Europe, 比利時,Belgium
1,2016/3/28,2016,3,28,Europe, 義大利,Italy
1,2016/3/28,2016,3,28,Europe, 教廷,Holy See
1,2016/3/25,2016,3,25,Europe, 比利時,Belgium
1,2016/3/24,2016,3,24,Europe, 奧地利,Austria
1,2016/3/23,2016,3,23,Europe, 比利時,Belgium
1,2016/3/23,2016,3,23,Europe, 俄羅斯,Russia
1,2016/3/22,2016,3,22,Europe, 比利時,Belgium
1,2016/3/22,2016,3,22,Europe, 英國,United Kingdom
1,2016/3/22,2016,3,22,Europe, 法國,France
1,2016/3/21,2016,3,21,Europe, 希臘,Greece
1,2016/3/18,2016,3,18,Europe, 比利時,Belgium
1,2016/3/17,2016,3,17,Europe, 比利時,Belgium
1,2016/3/17,2016,3,17,Europe, 德國,Germany
1,2016/3/16,2016,3,16,Europe, 奧地利,Austria
1,2016/3/15,2016,3,15,Europe, 德國,Germany
1,2016/3/15,2016,3,15,Europe, 俄羅斯,Russia
1,2016/3/14,2016,3,14,Europe, 德國,Germany
1,2016/3/11,2016,3,11,Europe, 德國,Germany
1,2016/3/11,2016,3,11,Europe, 斯洛維尼亞,Slovenia
1,2016/3/10,2016,3,10,Europe, 斯洛維尼亞,Slovenia
1,2016/3/9,2016,3,9,Europe, 瑞士,Switzerland
1,2016/3/9,2016,3,9,Europe, 比利時,Belgium
1,2016/3/8,2016,3,8,Europe, 比利時,Belgium
1,2016/3/8,2016,3,8,Europe, 比利時,Belgium
1,2016/3/7,2016,3,7,Europe, 比利時,Belgium
1,2016/3/7,2016,3,7,Europe, 奧地利,Austria
1,2016/3/4,2016,3,4,Europe, 比利時,Belgium
1,2016/3/4,2016,3,4,Europe, 俄羅斯,Russia
1,2016/3/3,2016,3,3,Europe, 比利時,Belgium
1,2016/3/3,2016,3,3,Europe, 法國,France
1,2016/3/2,2016,3,2,Europe, 比利時,Belgium
1,2016/3/2,2016,3,2,Europe, 瑞士,Switzerland
1,2016/3/2,2016,3,2,Europe, 奧地利,Austria
1,2016/3/2,2016,3,2,Europe, 俄羅斯,Russia
1,2016/3/1,2016,3,1,Europe, 英國,United Kingdom
1,2016/3/1,2016,3,1,Europe, 馬其頓,Macedonia
1,2016/3/1,2016,3,1,Europe, 法國,France
1,2016/2/26,2016,2,26,Europe, 德國,Germany
1,2016/2/26,2016,2,26,Europe, 希臘,Greece
1,2016/2/25,2016,2,25,Europe, 西班牙,Spain
1,2016/2/25,2016,2,25,Europe, 匈牙利,Hungary
1,2016/2/25,2016,2,25,Europe, 比利時,Belgium
1,2016/2/24,2016,2,24,Europe, 荷蘭,Netherlands
1,2016/2/24,2016,2,24,Europe, 荷蘭,Netherlands
1,2016/2/23,2016,2,23,Europe, 馬其頓,Macedonia
1,2016/2/23,2016,2,23,Europe, 荷蘭,Netherlands
1,2016/2/22,2016,2,22,Europe, 德國,Germany
1,2016/2/22,2016,2,22,Europe, 英國,United Kingdom
1,2016/2/19,2016,2,19,Europe, 奧地利,Austria
1,2016/2/19,2016,2,19,Europe, 比利時,Belgium
1,2016/2/19,2016,2,19,Europe, 比利時,Belgium
1,2016/2/19,2016,2,19,Europe, 瑞士,Switzerland;
1,2016/2/19,2016,2,19,Europe, 烏克蘭,Ukraine
1,2016/2/18,2016,2,18,Europe, 瑞士,Switzerland
1,2016/2/17,2016,2,17,Europe, 比利時,Belgium
1,2016/2/17,2016,2,17,Europe, 法國,France
1,2016/2/16,2016,2,16,Europe, 比利時,Belgium
1,2016/2/16,2016,2,16,Europe, 白俄羅斯,Belarus
1,2016/2/5,2016,2,5,Europe, 俄羅斯,Russia
1,2016/2/5,2016,2,5,Europe, 希臘,Greece
1,2016/2/5,2016,2,5,Europe, 西班牙,Spain
1,2016/2/4,2016,2,4,Europe, 梵蒂岡,The Vatican
1,2016/2/4,2016,2,4,Europe, 比利時,Belgium
1,2016/2/4,2016,2,4,Europe, 法國,France
1,2016/2/3,2016,2,3,Europe, 梵蒂岡,The Vatican
1,2016/2/3,2016,2,3,Europe, 西班牙,Spain
1,2016/2/3,2016,2,3,Europe, 比利時,Belgium
1,2016/2/2,2016,2,2,Europe, 挪威,Norway
1,2016/2/2,2016,2,2,Europe, 瑞士,Switzerland
1,2016/2/1,2016,2,1,Europe, 英國,United Kingdom
1,2016/2/1,2016,2,1,Europe, 希臘,Greece
1,2016/1/30,2016,1,30,Europe, 荷蘭,Netherlands
1,2016/1/30,2016,1,30,Europe, 德國,Germany
1,2016/1/30,2016,1,30,Europe, 瑞士,Switzerland
1,2016/1/29,2016,1,29,Europe, 芬蘭,Finland
1,2016/1/29,2016,1,29,Europe, 德國,Germany
1,2016/1/29,2016,1,29,Europe, 法國,France
1,2016/1/28,2016,1,28,Europe, 法國,France
1,2016/1/28,2016,1,28,Europe, 瑞典,Sweden
1,2016/1/27,2016,1,27,Europe, 丹麥,Denmark
1,2016/1/26,2016,1,26,Europe, 瑞士,Switzerland
1,2016/1/26,2016,1,26,Europe, 義大利,Italy
1,2016/1/26,2016,1,26,Europe, 瑞典,Sweden
1,2016/1/25,2016,1,25,Europe, 英國,United Kingdom
1,2016/1/25,2016,1,25,Europe, 匈牙利,Hungary
1,2016/1/25,2016,1,25,Europe, 葡萄牙,Portugal
1,2016/1/25,2016,1,25,Europe, 俄羅斯,Russia
1,2016/1/22,2016,1,22,Europe, 瑞士,Switzerland
1,2016/1/21,2016,1,21,Europe, 美國,United States of America
1,2016/1/21,2016,1,21,Europe, 奧地利,Austria
1,2016/1/21,2016,1,21,Europe, 比利時,Belgium
1,2016/1/20,2016,1,20,Europe, 法國,France
1,2016/1/20,2016,1,20,Europe, 俄羅斯,Russia
1,2016/1/19,2016,1,19,Europe, 英國,United Kingdom
1,2016/1/19,2016,1,19,Europe, 德國,Germany
1,2016/1/18,2016,1,18,Europe, 英國,United Kingdom
1,2016/1/18,2016,1,18,Europe, 英國,United Kingdom
1,2016/1/15,2016,1,15,Europe, 俄羅斯,Russia
1,2016/1/14,2016,1,14,Europe, 俄羅斯,Russia
1,2016/1/14,2016,1,14,Europe, 烏克蘭,Ukraine
1,2016/1/13,2016,1,13,Europe, 德國,Germany
1,2016/1/12,2016,1,12,Europe, 德國,Germany
1,2016/1/11,2016,1,11,Europe, 西班牙,Spain
1,2016/1/11,2016,1,11,Europe, 波蘭,Poland
1,2016/1/11,2016,1,11,Europe, 德國,Germany
1,2016/1/6,2016,1,6,Europe, 德國,Germany
1,2016/1/5,2016,1,5,Europe, 丹麥,Denmark
1,2016/1/5,2016,1,5,Europe, 俄羅斯,Russia
1,2016/1/4,2016,1,4,Europe, 西班牙,Spain
1,2015/12/31,2015,12,31,Europe, 德國,Germany
1,2015/12/31,2015,12,31,Europe, 比利時,Belgium
1,2015/12/30,2015,12,30,Europe, 波蘭,Poland
1,2015/12/29,2015,12,29,Europe, 西班牙,Spain
1,2015/12/28,2015,12,28,Europe, 英國,United Kingdom
1,2015/12/28,2015,12,28,Europe, 奧地利,Austria
1,2015/12/25,2015,12,25,Europe, 梵蒂岡,The Vatican
1,2015/12/25,2015,12,25,Europe, 比利時,Belgium
1,2015/12/25,2015,12,25,Europe, 俄羅斯,Russia
1,2015/12/24,2015,12,24,Europe, 法國,France
1,2015/12/24,2015,12,24,Europe, 俄羅斯,Russia
1,2015/12/24,2015,12,24,Europe, 俄羅斯,Russia
1,2015/12/24,2015,12,24,Europe, 西班牙,Spain
1,2015/12/24,2015,12,24,Europe, 德國,Germany
1,2015/12/24,2015,12,24,Europe, 俄羅斯,Russia
1,2015/12/23,2015,12,23,Europe, 瑞士,Switzerland
1,2015/12/22,2015,12,22,Europe, 英國,United Kingdom
1,2015/12/22,2015,12,22,Europe, 比利時,Belgium
1,2015/12/21,2015,12,21,Europe, 西班牙,Spain
1,2015/12/18,2015,12,18,Europe, 法國,France
1,2015/12/17,2015,12,17,Europe, 法國,France
1,2015/12/17,2015,12,17,Europe, 荷蘭,Netherlands
1,2015/12/17,2015,12,17,Europe, 俄羅斯,Russia
1,2015/12/16,2015,12,16,Europe, 俄羅斯,Russia
1,2015/12/16,2015,12,16,Europe, 捷克,Czech Republic
1,2016/11/25,2016,11,25,USA and Canada, 美國,United States of America
1,2016/11/24,2016,11,24,USA and Canada, 美國,United States of America
1,2016/11/24,2016,11,24,USA and Canada, 美國,United States of America
1,2016/11/23,2016,11,23,USA and Canada, 加拿大,Canada
1,2016/11/23,2016,11,23,USA and Canada, 美國,United States of America
1,2016/11/22,2016,11,22,USA and Canada, 美國,United States of America
1,2016/11/22,2016,11,22,USA and Canada, 美國,United States of America
1,2016/11/21,2016,11,21,USA and Canada, 美國,United States of America
1,2016/11/21,2016,11,21,USA and Canada, 美國,United States of America
1,2016/11/18,2016,11,18,USA and Canada, 美國,United States of America
1,2016/11/18,2016,11,18,USA and Canada, 美國,United States of America
1,2016/11/17,2016,11,17,USA and Canada, 美國,United States of America
1,2016/11/15,2016,11,15,USA and Canada, 美國,United States of America
1,2016/11/14,2016,11,14,USA and Canada, 美國,United States of America
1,2016/11/14,2016,11,14,USA and Canada, 美國,United States of America
1,2016/11/11,2016,11,11,USA and Canada, 美國,United States of America
1,2016/11/11,2016,11,11,USA and Canada, 美國,United States of America
1,2016/11/10,2016,11,10,USA and Canada, 美國,United States of America
1,2016/11/10,2016,11,10,USA and Canada, 美國,United States of America
1,2016/11/9,2016,11,9,USA and Canada, 美國,United States of America
1,2016/11/9,2016,11,9,USA and Canada, 加拿大,Canada
1,2016/11/8,2016,11,8,USA and Canada, 美國,United States of America
1,2016/11/8,2016,11,8,USA and Canada, 美國,United States of America
1,2016/11/7,2016,11,7,USA and Canada, 美國,United States of America
1,2016/11/7,2016,11,7,USA and Canada, 美國,United States of America
1,2016/11/4,2016,11,4,USA and Canada, 美國,United States of America
1,2016/11/4,2016,11,4,USA and Canada, 美國,United States of America
1,2016/11/3,2016,11,3,USA and Canada, 美國,United States of America
1,2016/11/3,2016,11,3,USA and Canada, 美國,United States of America
1,2016/11/2,2016,11,2,USA and Canada, 美國,United States of America
1,2016/11/2,2016,11,2,USA and Canada, 美國,United States of America
1,2016/11/1,2016,11,1,USA and Canada, 美國,United States of America
1,2016/11/1,2016,11,1,USA and Canada, 加拿大,Canada
1,2016/10/31,2016,10,31,USA and Canada, 美國,United States of America
1,2016/10/31,2016,10,31,USA and Canada, 美國,United States of America
1,2016/10/28,2016,10,28,USA and Canada, 美國,United States of America
1,2016/10/26,2016,10,26,USA and Canada, 加拿大,Canada
1,2016/10/26,2016,10,26,USA and Canada, 美國,United States of America
1,2016/10/25,2016,10,25,USA and Canada, 加拿大,Canada
1,2016/10/25,2016,10,25,USA and Canada, 美國,United States of America
1,2016/10/24,2016,10,24,USA and Canada, 美國,United States of America
1,2016/10/24,2016,10,24,USA and Canada, 美國,United States of America
1,2016/10/21,2016,10,21,USA and Canada, 美國,United States of America
1,2016/10/21,2016,10,21,USA and Canada, 美國,United States of America
1,2016/10/20,2016,10,20,USA and Canada, 美國,United States of America
1,2016/10/20,2016,10,20,USA and Canada, 美國,United States of America
1,2016/10/19,2016,10,19,USA and Canada, 美國,United States of America
1,2016/10/18,2016,10,18,USA and Canada, 美國,United States of America
1,2016/10/18,2016,10,18,USA and Canada, 美國,United States of America
1,2016/10/17,2016,10,17,USA and Canada, 美國,United States of America
1,2016/10/17,2016,10,17,USA and Canada, 美國,United States of America
1,2016/10/14,2016,10,14,USA and Canada, 美國,United States of America
1,2016/10/14,2016,10,14,USA and Canada, 美國,United States of America
1,2016/10/13,2016,10,13,USA and Canada, 美國,United States of America
1,2016/10/13,2016,10,13,USA and Canada, 美國,United States of America
1,2016/10/12,2016,10,12,USA and Canada, 美國,United States of America
1,2016/10/12,2016,10,12,USA and Canada, 美國,United States of America
1,2016/10/11,2016,10,11,USA and Canada, 美國,United States of America
1,2016/10/11,2016,10,11,USA and Canada, 美國,United States of America
1,2016/10/7,2016,10,7,USA and Canada, 加拿大,Canada
1,2016/10/6,2016,10,6,USA and Canada, 美國,United States of America
1,2016/10/6,2016,10,6,USA and Canada, 美國,United States of America
1,2016/10/5,2016,10,5,USA and Canada, 美國,United States of America
1,2016/10/5,2016,10,5,USA and Canada, 美國,United States of America
1,2016/10/4,2016,10,4,USA and Canada, 美國,United States of America
1,2016/10/4,2016,10,4,USA and Canada, 美國,United States of America
1,2016/10/3,2016,10,3,USA and Canada, 美國,United States of America
1,2016/10/3,2016,10,3,USA and Canada, 美國,United States of America
1,2016/9/30,2016,9,30,USA and Canada, 美國,United States of America
1,2016/9/30,2016,9,30,USA and Canada, 美國,United States of America
1,2016/9/29,2016,9,29,USA and Canada, 美國,United States of America
1,2016/9/29,2016,9,29,USA and Canada, 美國,United States of America
1,2016/9/26,2016,9,26,USA and Canada, 美國,United States of America
1,2016/9/23,2016,9,23,USA and Canada, 美國,United States of America
1,2016/9/23,2016,9,23,USA and Canada, 美國,United States of America
1,2016/9/22,2016,9,22,USA and Canada, 美國,United States of America
1,2016/9/22,2016,9,22,USA and Canada, 美國,United States of America
1,2016/9/21,2016,9,21,USA and Canada, 美國,United States of America
1,2016/9/21,2016,9,21,USA and Canada, 美國,United States of America
1,2016/9/20,2016,9,20,USA and Canada, 美國,United States of America
1,2016/9/20,2016,9,20,USA and Canada, 美國,United States of America
1,2016/9/19,2016,9,19,USA and Canada, 美國,United States of America
1,2016/9/19,2016,9,19,USA and Canada, 美國,United States of America
1,2016/9/14,2016,9,14,USA and Canada, 美國,United States of America
1,2016/9/14,2016,9,14,USA and Canada, 美國,United States of America
1,2016/9/13,2016,9,13,USA and Canada, 美國,United States of America
1,2016/9/13,2016,9,13,USA and Canada, 美國,United States of America
1,2016/9/12,2016,9,12,USA and Canada, 美國,United States of America
1,2016/9/12,2016,9,12,USA and Canada, 美國,United States of America
1,2016/9/9,2016,9,9,USA and Canada, 美國,United States of America
1,2016/9/9,2016,9,9,USA and Canada, 美國,United States of America
1,2016/9/8,2016,9,8,USA and Canada, 美國,United States of America
1,2016/9/8,2016,9,8,USA and Canada, 美國,United States of America
1,2016/9/7,2016,9,7,USA and Canada, 美國,United States of America
1,2016/9/7,2016,9,7,USA and Canada, 美國,United States of America
1,2016/9/6,2016,9,6,USA and Canada, 美國,United States of America
1,2016/9/6,2016,9,6,USA and Canada, 美國,United States of America
1,2016/9/5,2016,9,5,USA and Canada, 美國,United States of America
1,2016/9/5,2016,9,5,USA and Canada, 美國,United States of America
1,2016/9/2,2016,9,2,USA and Canada, 美國,United States of America
1,2016/9/2,2016,9,2,USA and Canada, 美國,United States of America
1,2016/9/1,2016,9,1,USA and Canada, 美國,United States of America
1,2016/9/1,2016,9,1,USA and Canada, 美國,United States of America
1,2016/8/31,2016,8,31,USA and Canada, 美國,United States of America
1,2016/8/30,2016,8,30,USA and Canada, 美國,United States of America
1,2016/8/30,2016,8,30,USA and Canada, 加拿大,Canada
1,2016/8/29,2016,8,29,USA and Canada, 美國,United States of America
1,2016/8/29,2016,8,29,USA and Canada, 美國,United States of America
1,2016/8/26,2016,8,26,USA and Canada, 美國,United States of America
1,2016/8/26,2016,8,26,USA and Canada, 美國,United States of America
1,2016/8/25,2016,8,25,USA and Canada, 美國,United States of America
1,2016/8/25,2016,8,25,USA and Canada, 加拿大,Canada
1,2016/8/24,2016,8,24,USA and Canada, 美國,United States of America
1,2016/8/24,2016,8,24,USA and Canada, 美國,United States of America
1,2016/8/23,2016,8,23,USA and Canada, 美國,United States of America
1,2016/8/23,2016,8,23,USA and Canada, 美國,United States of America
1,2016/8/22,2016,8,22,USA and Canada, 美國,United States of America
1,2016/8/22,2016,8,22,USA and Canada, 美國,United States of America
1,2016/8/19,2016,8,19,USA and Canada, 美國,United States of America
1,2016/8/19,2016,8,19,USA and Canada, 美國,United States of America
1,2016/8/18,2016,8,18,USA and Canada, 美國,United States of America
1,2016/8/17,2016,8,17,USA and Canada, 美國,United States of America
1,2016/8/17,2016,8,17,USA and Canada, 美國,United States of America
1,2016/8/16,2016,8,16,USA and Canada, 美國,United States of America
1,2016/8/16,2016,8,16,USA and Canada, 美國,United States of America
1,2016/8/15,2016,8,15,USA and Canada, 美國,United States of America
1,2016/8/15,2016,8,15,USA and Canada, 美國,United States of America
1,2016/8/12,2016,8,12,USA and Canada, 美國,United States of America
1,2016/8/12,2016,8,12,USA and Canada, 加拿大,Canada
1,2016/8/11,2016,8,11,USA and Canada, 美國,United States of America
1,2016/8/11,2016,8,11,USA and Canada, 美國,United States of America
1,2016/8/10,2016,8,10,USA and Canada, 美國,United States of America
1,2016/8/10,2016,8,10,USA and Canada, 美國,United States of America
1,2016/8/9,2016,8,9,USA and Canada, 美國,United States of America
1,2016/8/9,2016,8,9,USA and Canada, 美國,United States of America
1,2016/8/8,2016,8,8,USA and Canada, 美國,United States of America
1,2016/8/5,2016,8,5,USA and Canada, 美國,United States of America
1,2016/8/5,2016,8,5,USA and Canada, 美國,United States of America
1,2016/8/4,2016,8,4,USA and Canada, 美國,United States of America
1,2016/8/4,2016,8,4,USA and Canada, 美國,United States of America
1,2016/8/3,2016,8,3,USA and Canada, 美國,United States of America
1,2016/8/2,2016,8,2,USA and Canada, ,
1,2016/8/2,2016,8,2,USA and Canada, 美國,United States of America
1,2016/8/1,2016,8,1,USA and Canada, 美國,United States of America
1,2016/7/29,2016,7,29,USA and Canada, 美國,United States of America
1,2016/7/29,2016,7,29,USA and Canada, 美國,United States of America
1,2016/7/28,2016,7,28,USA and Canada, 美國,United States of America
1,2016/7/28,2016,7,28,USA and Canada, 美國,United States of America
1,2016/7/27,2016,7,27,USA and Canada, 美國,United States of America
1,2016/7/27,2016,7,27,USA and Canada, 美國,United States of America
1,2016/7/26,2016,7,26,USA and Canada, 美國,United States of America
1,2016/7/26,2016,7,26,USA and Canada, 美國,United States of America
1,2016/7/25,2016,7,25,USA and Canada, 美國,United States of America
1,2016/7/25,2016,7,25,USA and Canada, 美國,United States of America
1,2016/7/22,2016,7,22,USA and Canada, 美國,United States of America
1,2016/7/22,2016,7,22,USA and Canada, 美國,United States of America
1,2016/7/21,2016,7,21,USA and Canada, 美國,United States of America
1,2016/7/21,2016,7,21,USA and Canada, 美國,United States of America
1,2016/7/20,2016,7,20,USA and Canada, 美國,United States of America
1,2016/7/19,2016,7,19,USA and Canada, 美國,United States of America
1,2016/7/18,2016,7,18,USA and Canada, 美國,United States of America
1,2016/7/18,2016,7,18,USA and Canada, 美國,United States of America
1,2016/7/15,2016,7,15,USA and Canada, 美國,United States of America
1,2016/7/15,2016,7,15,USA and Canada, 美國,United States of America
1,2016/7/14,2016,7,14,USA and Canada, 美國,United States of America
1,2016/7/13,2016,7,13,USA and Canada, 美國,United States of America
1,2016/7/12,2016,7,12,USA and Canada, 美國,United States of America
1,2016/7/11,2016,7,11,USA and Canada, 美國,United States of America
1,2016/7/7,2016,7,7,USA and Canada, 美國,United States of America
1,2016/7/7,2016,7,7,USA and Canada, 美國,United States of America
1,2016/7/6,2016,7,6,USA and Canada, 美國,United States of America
1,2016/7/6,2016,7,6,USA and Canada, 美國,United States of America
1,2016/7/5,2016,7,5,USA and Canada, 美國,United States of America
1,2016/7/5,2016,7,5,USA and Canada, 加拿大,Canada
1,2016/7/1,2016,7,1,USA and Canada, 美國,United States of America
1,2016/7/1,2016,7,1,USA and Canada, 美國,United States of America
1,2016/6/30,2016,6,30,USA and Canada, 加拿大,Canada
1,2016/6/29,2016,6,29,USA and Canada, 美國,United States of America
1,2016/6/29,2016,6,29,USA and Canada, 美國,United States of America
1,2016/6/28,2016,6,28,USA and Canada, 美國,United States of America
1,2016/6/28,2016,6,28,USA and Canada, 美國,United States of America
1,2016/6/27,2016,6,27,USA and Canada, 美國,United States of America
1,2016/6/27,2016,6,27,USA and Canada, 美國,United States of America
1,2016/6/24,2016,6,24,USA and Canada, 美國,United States of America
1,2016/6/24,2016,6,24,USA and Canada, 美國,United States of America
1,2016/6/23,2016,6,23,USA and Canada, 美國,United States of America
1,2016/6/23,2016,6,23,USA and Canada, 美國,United States of America
1,2016/6/22,2016,6,22,USA and Canada, 美國,United States of America
1,2016/6/22,2016,6,22,USA and Canada, 美國,United States of America
1,2016/6/21,2016,6,21,USA and Canada, 美國,United States of America
1,2016/6/21,2016,6,21,USA and Canada, 美國,United States of America
1,2016/6/20,2016,6,20,USA and Canada, 美國,United States of America
1,2016/6/20,2016,6,20,USA and Canada, 加拿大,Canada
1,2016/6/17,2016,6,17,USA and Canada, 美國,United States of America
1,2016/6/17,2016,6,17,USA and Canada, 加拿大,Canada
1,2016/6/16,2016,6,16,USA and Canada, 美國,United States of America
1,2016/6/15,2016,6,15,USA and Canada, 美國,United States of America
1,2016/6/15,2016,6,15,USA and Canada, 美國,United States of America
1,2016/6/14,2016,6,14,USA and Canada, 美國,United States of America
1,2016/6/13,2016,6,13,USA and Canada, 美國,United States of America
1,2016/6/8,2016,6,8,USA and Canada, 美國,United States of America
1,2016/6/8,2016,6,8,USA and Canada, 美國,United States of America
1,2016/6/6,2016,6,6,USA and Canada, 美國,United States of America
1,2016/6/4,2016,6,4,USA and Canada, 美國,United States of America
1,2016/6/4,2016,6,4,USA and Canada, 美國,United States of America
1,2016/6/3,2016,6,3,USA and Canada, 美國,United States of America
1,2016/6/2,2016,6,2,USA and Canada, 美國,United States of America
1,2016/6/2,2016,6,2,USA and Canada, 美國,United States of America
1,2016/6/1,2016,6,1,USA and Canada, 美國,United States of America
1,2016/5/31,2016,5,31,USA and Canada, 美國,United States of America
1,2016/5/30,2016,5,30,USA and Canada, 美國,United States of America
1,2016/5/27,2016,5,27,USA and Canada, 美國,United States of America
1,2016/5/27,2016,5,27,USA and Canada, 加拿大,Canada
1,2016/5/26,2016,5,26,USA and Canada, 美國,United States of America
1,2016/5/25,2016,5,25,USA and Canada, 美國,United States of America
1,2016/5/25,2016,5,25,USA and Canada, 美國,United States of America
1,2016/5/24,2016,5,24,USA and Canada, 美國,United States of America
1,2016/5/24,2016,5,24,USA and Canada, 美國,United States of America
1,2016/5/23,2016,5,23,USA and Canada, 美國,United States of America
1,2016/5/20,2016,5,20,USA and Canada, 美國,United States of America
1,2016/5/20,2016,5,20,USA and Canada, 美國,United States of America
1,2016/5/19,2016,5,19,USA and Canada, 美國,United States of America
1,2016/5/19,2016,5,19,USA and Canada, 美國,United States of America
1,2016/5/18,2016,5,18,USA and Canada, 美國,United States of America
1,2016/5/18,2016,5,18,USA and Canada, 美國,United States of America
1,2016/5/17,2016,5,17,USA and Canada, 加拿大,Canada
1,2016/5/16,2016,5,16,USA and Canada, 美國,United States of America
1,2016/5/16,2016,5,16,USA and Canada, 加拿大,Canada
1,2016/5/13,2016,5,13,USA and Canada, 美國,United States of America
1,2016/5/12,2016,5,12,USA and Canada, 美國,United States of America
1,2016/5/11,2016,5,11,USA and Canada, 加拿大,Canada
1,2016/5/11,2016,5,11,USA and Canada, 美國,United States of America
1,2016/5/10,2016,5,10,USA and Canada, 美國,United States of America
1,2016/5/9,2016,5,9,USA and Canada, 美國,United States of America
1,2016/5/9,2016,5,9,USA and Canada, 加拿大,Canada
1,2016/5/6,2016,5,6,USA and Canada, 美國,United States of America
1,2016/5/5,2016,5,5,USA and Canada, 加拿大,Canada
1,2016/5/5,2016,5,5,USA and Canada, 美國,United States of America
1,2016/5/4,2016,5,4,USA and Canada, 加拿大,Canada
1,2016/5/4,2016,5,4,USA and Canada, 美國,United States of America
1,2016/5/3,2016,5,3,USA and Canada, 美國,United States of America
1,2016/5/2,2016,5,2,USA and Canada, 美國,United States of America
1,2016/5/2,2016,5,2,USA and Canada, 美國,United States of America
1,2016/4/29,2016,4,29,USA and Canada, 美國,United States of America
1,2016/4/29,2016,4,29,USA and Canada, 美國,United States of America
1,2016/4/28,2016,4,28,USA and Canada, 美國,United States of America
1,2016/4/28,2016,4,28,USA and Canada, 美國,United States of America
1,2016/4/27,2016,4,27,USA and Canada, 加拿大,Canada
1,2016/4/27,2016,4,27,USA and Canada, 美國,United States of America
1,2016/4/26,2016,4,26,USA and Canada, 加拿大,Canada
1,2016/4/26,2016,4,26,USA and Canada, 美國,United States of America
1,2016/4/25,2016,4,25,USA and Canada, 美國,United States of America
1,2016/4/25,2016,4,25,USA and Canada, 加拿大,Canada
1,2016/4/22,2016,4,22,USA and Canada, 美國,United States of America
1,2016/4/22,2016,4,22,USA and Canada, 美國,United States of America
1,2016/4/21,2016,4,21,USA and Canada, 美國,United States of America
1,2016/4/21,2016,4,21,USA and Canada, 美國,United States of America
1,2016/4/20,2016,4,20,USA and Canada, 美國,United States of America
1,2016/4/20,2016,4,20,USA and Canada, 美國,United States of America
1,2016/4/19,2016,4,19,USA and Canada, 美國,United States of America
1,2016/4/18,2016,4,18,USA and Canada, 美國,United States of America
1,2016/4/18,2016,4,18,USA and Canada, 美國,United States of America
1,2016/4/15,2016,4,15,USA and Canada, 美國,United States of America
1,2016/4/15,2016,4,15,USA and Canada, 美國,United States of America
1,2016/4/15,2016,4,15,USA and Canada, 加拿大,Canada
1,2016/4/14,2016,4,14,USA and Canada, 美國,United States of America
1,2016/4/14,2016,4,14,USA and Canada, 美國,United States of America
1,2016/4/13,2016,4,13,USA and Canada, 美國,United States of America
1,2016/4/13,2016,4,13,USA and Canada, 美國,United States of America
1,2016/4/12,2016,4,12,USA and Canada, 美國,United States of America
1,2016/4/11,2016,4,11,USA and Canada, 美國,United States of America
1,2016/4/11,2016,4,11,USA and Canada, 加拿大,Canada
1,2016/4/8,2016,4,8,USA and Canada, 美國,United States of America
1,2016/4/8,2016,4,8,USA and Canada, 加拿大,Canada
1,2016/4/6,2016,4,6,USA and Canada, 美國,United States of America
1,2016/4/1,2016,4,1,USA and Canada, 美國,United States of America
1,2016/4/1,2016,4,1,USA and Canada, 美國,United States of America
1,2016/3/31,2016,3,31,USA and Canada, 美國,United States of America
1,2016/3/31,2016,3,31,USA and Canada, 加拿大,Canada
1,2016/3/31,2016,3,31,USA and Canada, 美國,United States of America
1,2016/3/30,2016,3,30,USA and Canada, 美國,United States of America
1,2016/3/29,2016,3,29,USA and Canada, 美國,United States of America
1,2016/3/29,2016,3,29,USA and Canada, 美國,United States of America
1,2016/3/28,2016,3,28,USA and Canada, 美國,United States of America
1,2016/3/25,2016,3,25,USA and Canada, 美國,United States of America
1,2016/3/24,2016,3,24,USA and Canada, 美國,United States of America
1,2016/3/24,2016,3,24,USA and Canada, 加拿大,Canada
1,2016/3/23,2016,3,23,USA and Canada, 美國,United States of America
1,2016/3/23,2016,3,23,USA and Canada, 加拿大,Canada
1,2016/3/22,2016,3,22,USA and Canada, 加拿大,Canada
1,2016/3/22,2016,3,22,USA and Canada, 美國,United States of America
1,2016/3/18,2016,3,18,USA and Canada, 美國,United States of America
1,2016/3/17,2016,3,17,USA and Canada, 美國,United States of America
1,2016/3/17,2016,3,17,USA and Canada, 加拿大,Canada
1,2016/3/16,2016,3,16,USA and Canada, 美國,United States of America
1,2016/3/15,2016,3,15,USA and Canada, 美國,United States of America
1,2016/3/14,2016,3,14,USA and Canada, 美國,United States of America
1,2016/3/11,2016,3,11,USA and Canada, 美國,United States of America
1,2016/3/10,2016,3,10,USA and Canada, 美國,United States of America
1,2016/3/9,2016,3,9,USA and Canada, 美國,United States of America
1,2016/3/8,2016,3,8,USA and Canada, 美國,United States of America
1,2016/3/7,2016,3,7,USA and Canada, 美國,United States of America
1,2016/3/4,2016,3,4,USA and Canada, 加拿大,Canada
1,2016/3/4,2016,3,4,USA and Canada, 美國,United States of America
1,2016/3/3,2016,3,3,USA and Canada, 美國,United States of America
1,2016/3/3,2016,3,3,USA and Canada, 加拿大,Canada
1,2016/3/2,2016,3,2,USA and Canada, 美國,United States of America
1,2016/3/2,2016,3,2,USA and Canada, 美國,United States of America
1,2016/2/26,2016,2,26,USA and Canada, 美國,United States of America
1,2016/2/25,2016,2,25,USA and Canada, 美國,United States of America
1,2016/2/25,2016,2,25,USA and Canada, 美國,United States of America
1,2016/2/25,2016,2,25,USA and Canada, 美國,United States of America
1,2016/2/25,2016,2,25,USA and Canada, 美國,United States of America
1,2016/2/24,2016,2,24,USA and Canada, 美國,United States of America
1,2016/2/24,2016,2,24,USA and Canada, 美國,United States of America
1,2016/2/23,2016,2,23,USA and Canada, 美國,United States of America
1,2016/2/22,2016,2,22,USA and Canada, 美國,United States of America
1,2016/2/22,2016,2,22,USA and Canada, 美國,United States of America
1,2016/2/19,2016,2,19,USA and Canada, 美國,United States of America
1,2016/2/18,2016,2,18,USA and Canada, 美國,United States of America
1,2016/2/18,2016,2,18,USA and Canada, 美國,United States of America
1,2016/2/17,2016,2,17,USA and Canada, 美國,United States of America
1,2016/2/16,2016,2,16,USA and Canada, 美國,United States of America
1,2016/2/16,2016,2,16,USA and Canada, 美國,United States of America
1,2016/2/15,2016,2,15,USA and Canada, 美國,United States of America
1,2016/2/5,2016,2,5,USA and Canada, 美國,United States of America
1,2016/2/5,2016,2,5,USA and Canada, 加拿大,Canada
1,2016/2/5,2016,2,5,USA and Canada, 美國,United States of America
1,2016/2/4,2016,2,4,USA and Canada, 美國,United States of America
1,2016/2/4,2016,2,4,USA and Canada, 美國,United States of America
1,2016/2/3,2016,2,3,USA and Canada, 美國,United States of America
1,2016/2/3,2016,2,3,USA and Canada, 美國,United States of America
1,2016/2/2,2016,2,2,USA and Canada, 美國,United States of America
1,2016/2/2,2016,2,2,USA and Canada, 美國,United States of America
1,2016/1/30,2016,1,30,USA and Canada, 美國,United States of America
1,2016/1/30,2016,1,30,USA and Canada, 美國,United States of America
1,2016/1/27,2016,1,27,USA and Canada, 加拿大,Canada
1,2016/1/27,2016,1,27,USA and Canada, 巴西,Brazil
1,2016/1/27,2016,1,27,USA and Canada, 美國,United States of America
1,2016/1/25,2016,1,25,USA and Canada, 美國,United States of America
1,2016/1/22,2016,1,22,USA and Canada, 美國,United States of America
1,2016/1/22,2016,1,22,USA and Canada, 美國,United States of America
1,2016/1/20,2016,1,20,USA and Canada, 美國,United States of America
1,2016/1/20,2016,1,20,USA and Canada, 美國,United States of America
1,2016/1/18,2016,1,18,USA and Canada, 加拿大,Canada
1,2016/1/18,2016,1,18,USA and Canada, 美國,United States of America
1,2016/1/15,2016,1,15,USA and Canada, 美國,United States of America
1,2016/1/14,2016,1,14,USA and Canada, 美國,United States of America
1,2016/1/13,2016,1,13,USA and Canada, 美國,United States of America
1,2016/1/13,2016,1,13,USA and Canada, 美國,United States of America
1,2016/1/12,2016,1,12,USA and Canada, 美國,United States of America
1,2016/1/5,2016,1,5,USA and Canada, 美國,United States of America
1,2016/1/5,2016,1,5,USA and Canada, 美國,United States of America
1,2015/12/30,2015,12,30,USA and Canada, 加拿大,Canada
1,2015/12/30,2015,12,30,USA and Canada, 美國,United States of America
1,2015/12/29,2015,12,29,USA and Canada, 美國,United States of America
1,2015/12/28,2015,12,28,USA and Canada, 美國,United States of America
1,2015/12/25,2015,12,25,USA and Canada, 美國,United States of America
1,2015/12/24,2015,12,24,USA and Canada, 加拿大,Canada
1,2015/12/23,2015,12,23,USA and Canada, 美國,United States of America
1,2015/12/22,2015,12,22,USA and Canada, 加拿大,Canada
1,2015/12/22,2015,12,22,USA and Canada, 美國,United States of America
1,2015/12/21,2015,12,21,USA and Canada, 美國,United States of America
1,2015/12/21,2015,12,21,USA and Canada, 美國,United States of America
1,2015/12/18,2015,12,18,USA and Canada, 美國,United States of America
1,2015/12/18,2015,12,18,USA and Canada, 美國,United States of America
1,2015/12/18,2015,12,18,USA and Canada, 加拿大,Canada
1,2015/12/17,2015,12,17,USA and Canada, 美國,United States of America
1,2016/11/25,2016,11,25,Asian, 緬甸,Myanmar
1,2016/11/25,2016,11,25,Asian, 日本,Japan
1,2016/11/24,2016,11,24,Asian, 印度,India
1,2016/11/24,2016,11,24,Asian, 南韓,South Korea
1,2016/11/23,2016,11,23,Asian, 土耳其,Turkey
1,2016/11/23,2016,11,23,Asian, 越南,Vietnam
1,2016/11/23,2016,11,23,Asian, 韓國,Korea
1,2016/11/22,2016,11,22,Asian, 日本,Japan
1,2016/11/22,2016,11,22,Asian, 菲律賓,Philippines
1,2016/11/22,2016,11,22,Asian, 日本,Japan
1,2016/11/21,2016,11,21,Asian, 印度,India
1,2016/11/21,2016,11,21,Asian, 敘利亞,Syria
1,2016/11/18,2016,11,18,Asian, 日本,Japan
1,2016/11/18,2016,11,18,Asian, 南韓,South Korea
1,2016/11/17,2016,11,17,Asian, 越南,Vietnam
1,2016/11/17,2016,11,17,Asian, 日本,Japan
1,2016/11/16,2016,11,16,Asian, 日本,Japan
1,2016/11/15,2016,11,15,Asian, 紐西蘭,New Zealand
1,2016/11/15,2016,11,15,Asian, 日本,Japan
1,2016/11/14,2016,11,14,Asian, 南韓,South Korea
1,2016/11/14,2016,11,14,Asian, 紐西蘭,New Zealand
1,2016/11/11,2016,11,11,Asian, 泰國,Thailand
1,2016/11/11,2016,11,11,Asian, 阿富汗,Afghanistan
1,2016/11/10,2016,11,10,Asian, 日本,Japan
1,2016/11/10,2016,11,10,Asian, 日本,Japan
1,2016/11/9,2016,11,9,Asian, 印度,India
1,2016/11/8,2016,11,8,Asian, 澳洲,Australia
1,2016/11/8,2016,11,8,Asian, 南韓,South Korea
1,2016/11/7,2016,11,7,Asian, 日本,Japan
1,2016/11/7,2016,11,7,Asian, 南韓,South Korea
1,2016/11/4,2016,11,4,Asian, 南韓,South Korea
1,2016/11/4,2016,11,4,Asian, 黎巴嫩,Lebanon
1,2016/11/3,2016,11,3,Asian, 日本,Japan
1,2016/11/3,2016,11,3,Asian, 印尼,Indonesia
1,2016/11/2,2016,11,2,Asian, 南韓,South Korea
1,2016/11/2,2016,11,2,Asian, 伊拉克,Iraq
1,2016/11/1,2016,11,1,Asian, 南韓,South Korea
1,2016/11/1,2016,11,1,Asian, 印度,India
1,2016/10/31,2016,10,31,Asian, 南韓,South Korea
1,2016/10/31,2016,10,31,Asian, 澳洲,Australia
1,2016/10/28,2016,10,28,Asian, 南韓,South Korea
1,2016/10/28,2016,10,28,Asian, 日本,Japan
1,2016/10/27,2016,10,27,Asian, 日本,Japan
1,2016/10/27,2016,10,27,Asian, 敘利亞,Syria
1,2016/10/26,2016,10,26,Asian, 日本,Japan
1,2016/10/26,2016,10,26,Asian, 巴基斯坦,Pakistan
1,2016/10/25,2016,10,25,Asian, 巴基斯坦,Pakistan
1,2016/10/25,2016,10,25,Asian, 印度,India
1,2016/10/24,2016,10,24,Asian, 伊拉克,Iraq
1,2016/10/24,2016,10,24,Asian, 日本,Japan
1,2016/10/21,2016,10,21,Asian, 敘利亞,Syria
1,2016/10/21,2016,10,21,Asian, 北韓,North Korea
1,2016/10/20,2016,10,20,Asian, 菲律賓,Philippines
1,2016/10/20,2016,10,20,Asian, 伊拉克,Iraq
1,2016/10/19,2016,10,19,Asian, 馬來西亞,Malaysia
1,2016/10/18,2016,10,18,Asian, 新加坡,Singapore
1,2016/10/18,2016,10,18,Asian, 菲律賓,Philippines
1,2016/10/17,2016,10,17,Asian, 北韓,North Korea
1,2016/10/17,2016,10,17,Asian, 伊拉克,Iraq
1,2016/10/14,2016,10,14,Asian, 泰國,Thailand
1,2016/10/13,2016,10,13,Asian, 印尼,Indonesia
1,2016/10/13,2016,10,13,Asian, 菲律賓,Philippines
1,2016/10/12,2016,10,12,Asian, 阿富汗,Afghanistan
1,2016/10/12,2016,10,12,Asian, 韓國,Korea
1,2016/10/11,2016,10,11,Asian, 新加坡,Singapore
1,2016/10/11,2016,10,11,Asian, 新加坡,Singapore
1,2016/10/7,2016,10,7,Asian, 以色列,Israel
1,2016/10/7,2016,10,7,Asian, 巴基斯坦,Pakistan
1,2016/10/6,2016,10,6,Asian, 阿富汗,Afghanistan
1,2016/10/6,2016,10,6,Asian, 印度,India
1,2016/10/5,2016,10,5,Asian, 印尼,Indonesia
1,2016/10/5,2016,10,5,Asian, 沙烏地阿拉伯,Saudi-Arabia
1,2016/10/4,2016,10,4,Asian, 阿富汗,Afghanistan
1,2016/10/4,2016,10,4,Asian, 日本,Japan
1,2016/10/3,2016,10,3,Asian, 泰國,Thailand
1,2016/10/3,2016,10,3,Asian, 印度,India
1,2016/9/30,2016,9,30,Asian, 菲律賓,Philippines
1,2016/9/30,2016,9,30,Asian, 巴基斯坦,Pakistan
1,2016/9/29,2016,9,29,Asian, 阿富汗,Afghanistan
1,2016/9/29,2016,9,29,Asian, 以色列,Israel
1,2016/9/26,2016,9,26,Asian, 約旦,Jordan
1,2016/9/26,2016,9,26,Asian, 印度,India
1,2016/9/23,2016,9,23,Asian, 南韓,South Korea
1,2016/9/23,2016,9,23,Asian, 菲律賓,Philippines
1,2016/9/22,2016,9,22,Asian, 南韓,South Korea
1,2016/9/22,2016,9,22,Asian, 印度,India
1,2016/9/21,2016,9,21,Asian, 日本,Japan
1,2016/9/20,2016,9,20,Asian, 敘利亞,Syria
1,2016/9/20,2016,9,20,Asian, 北韓,North Korea
1,2016/9/20,2016,9,20,Asian, 日本,Japan
1,2016/9/19,2016,9,19,Asian, 泰國,Thailand
1,2016/9/19,2016,9,19,Asian, 敘利亞,Syria
1,2016/9/14,2016,9,14,Asian, 北韓,North Korea
1,2016/9/14,2016,9,14,Asian, 澳洲,Australia
1,2016/9/13,2016,9,13,Asian, 北韓,North Korea
1,2016/9/13,2016,9,13,Asian, 敘利亞,Syria
1,2016/9/10,2016,9,10,Asian, 北韓,North Korea
1,2016/9/10,2016,9,10,Asian, 敘利亞,Syria
1,2016/9/9,2016,9,9,Asian, 烏茲別克,Uzbekistan
1,2016/9/9,2016,9,9,Asian, 阿富汗,Afghanistan
1,2016/9/9,2016,9,9,Asian, 寮國,Laos
1,2016/9/8,2016,9,8,Asian, 澳洲,Australia
1,2016/9/8,2016,9,8,Asian, 敘利亞,Syria
1,2016/9/7,2016,9,7,Asian, 寮國,Laos
1,2016/9/7,2016,9,7,Asian, 阿富汗,Afghanistan
1,2016/9/6,2016,9,6,Asian, 北韓,North Korea
1,2016/9/6,2016,9,6,Asian, 敘利亞,Syria
1,2016/9/5,2016,9,5,Asian, 菲律賓,Philippines
1,2016/9/5,2016,9,5,Asian, 土耳其,Turkey
1,2016/9/2,2016,9,2,Asian, 土耳其,Turkey
1,2016/9/2,2016,9,2,Asian, 馬來西亞,Malaysia
1,2016/9/2,2016,9,2,Asian, 日本,Japan
1,2016/9/1,2016,9,1,Asian, 緬甸,Myanmar
1,2016/9/1,2016,9,1,Asian, 日本,Japan
1,2016/8/31,2016,8,31,Asian, 吉爾吉斯,Kyrgyz
1,2016/8/31,2016,8,31,Asian, 敘利亞,Syria
1,2016/8/30,2016,8,30,Asian, 菲律賓,Philippines
1,2016/8/30,2016,8,30,Asian, 葉門,Yemen
1,2016/8/29,2016,8,29,Asian, 新加坡,Singapore
1,2016/8/29,2016,8,29,Asian, 敘利亞,Syria
1,2016/8/26,2016,8,26,Asian, 敘利亞,Syria
1,2016/8/25,2016,8,25,Asian, 敘利亞,Syria
1,2016/8/25,2016,8,25,Asian, 緬甸,Myanmar
1,2016/8/24,2016,8,24,Asian, 泰國,Thailand
1,2016/8/24,2016,8,24,Asian, 日本,Japan
1,2016/8/23,2016,8,23,Asian, 日本,Japan
1,2016/8/23,2016,8,23,Asian, 土耳其,Turkey
1,2016/8/22,2016,8,22,Asian, 土耳其,Turkey
1,2016/8/22,2016,8,22,Asian, 南韓,South Korea
1,2016/8/19,2016,8,19,Asian, 南韓,South Korea
1,2016/8/19,2016,8,19,Asian, 菲律賓,Philippines
1,2016/8/18,2016,8,18,Asian, 印尼,Indonesia
1,2016/8/18,2016,8,18,Asian, 土耳其,Turkey
1,2016/8/17,2016,8,17,Asian, 菲律賓,Philippines
1,2016/8/17,2016,8,17,Asian, 韓國,Korea
1,2016/8/16,2016,8,16,Asian, 日本,Japan
1,2016/8/16,2016,8,16,Asian, 葉門,Yemen
1,2016/8/15,2016,8,15,Asian, 日本,Japan
1,2016/8/15,2016,8,15,Asian, 敘利亞,Syria
1,2016/8/15,2016,8,15,Asian, 日本,Japan
1,2016/8/12,2016,8,12,Asian, 泰國,Thailand
1,2016/8/12,2016,8,12,Asian, 菲律賓,Philippines
1,2016/8/11,2016,8,11,Asian, 土耳其,Turkey
1,2016/8/11,2016,8,11,Asian, 菲律賓,Philippines
1,2016/8/11,2016,8,11,Asian, 敘利亞,Syria
1,2016/8/10,2016,8,10,Asian, 日本,Japan
1,2016/8/10,2016,8,10,Asian, 印度,India
1,2016/8/9,2016,8,9,Asian, 巴基斯坦,Pakistan
1,2016/8/9,2016,8,9,Asian, 日本,Japan
1,2016/8/8,2016,8,8,Asian, 土耳其,Turkey
1,2016/8/8,2016,8,8,Asian, 菲律賓,Philippines
1,2016/8/8,2016,8,8,Asian, 伊朗,Iran
1,2016/8/5,2016,8,5,Asian, 阿富汗,Afghanistan
1,2016/8/5,2016,8,5,Asian, 泰國,Thailand
1,2016/8/4,2016,8,4,Asian, 澳洲,Australia
1,2016/8/4,2016,8,4,Asian, 阿拉伯聯合大公國,United Arab Emirates
1,2016/8/3,2016,8,3,Asian, 北韓,North Korea
1,2016/8/3,2016,8,3,Asian, 敘利亞,Syria
1,2016/8/2,2016,8,2,Asian, 印度,India
1,2016/8/2,2016,8,2,Asian, 敘利亞,Syria
1,2016/8/1,2016,8,1,Asian, 阿富汗,Afghanistan
1,2016/8/1,2016,8,1,Asian, 日本,Japan
1,2016/7/29,2016,7,29,Asian, 南韓,South Korea
1,2016/7/28,2016,7,28,Asian, 日本,Japan
1,2016/7/28,2016,7,28,Asian, 印尼,Indonesia
1,2016/7/27,2016,7,27,Asian, 寮國,Laos
1,2016/7/26,2016,7,26,Asian, 日本,Japan
1,2016/7/26,2016,7,26,Asian, 寮國,Laos
1,2016/7/25,2016,7,25,Asian, 阿富汗,Afghanistan
1,2016/7/22,2016,7,22,Asian, 日本,Japan
1,2016/7/21,2016,7,21,Asian, ,
1,2016/7/21,2016,7,21,Asian, 土耳其,Turkey
1,2016/7/20,2016,7,20,Asian, 土耳其,Turkey
1,2016/7/20,2016,7,20,Asian, 北韓,North Korea
1,2016/7/19,2016,7,19,Asian, 土耳其,Turkey
1,2016/7/19,2016,7,19,Asian, 北韓,North Korea
1,2016/7/18,2016,7,18,Asian, 土耳其,Turkey
1,2016/7/15,2016,7,15,Asian, 蒙古,Mongolia
1,2016/7/15,2016,7,15,Asian, 敘利亞,Syria
1,2016/7/14,2016,7,14,Asian, 日本,Japan
1,2016/7/14,2016,7,14,Asian, 土耳其,Turkey
1,2016/7/14,2016,7,14,Asian, 日本,Japan
1,2016/7/13,2016,7,13,Asian, 伊拉克,Iraq
1,2016/7/12,2016,7,12,Asian, 敘利亞,Syria
1,2016/7/12,2016,7,12,Asian, 印度,India
1,2016/7/11,2016,7,11,Asian, 日本,Japan
1,2016/7/11,2016,7,11,Asian, 南韓,South Korea
1,2016/7/7,2016,7,7,Asian, 敘利亞,Syria
1,2016/7/7,2016,7,7,Asian, 葉門,Yemen
1,2016/7/6,2016,7,6,Asian, 澳洲,Australia
1,2016/7/6,2016,7,6,Asian, 伊拉克,Iraq
1,2016/7/5,2016,7,5,Asian, 孟加拉,Bengal
1,2016/7/5,2016,7,5,Asian, 沙烏地阿拉伯,Saudi-Arabia
1,2016/7/4,2016,7,4,Asian, 沙烏地阿拉伯,Saudi-Arabia
1,2016/7/4,2016,7,4,Asian, 澳洲,Australia
1,2016/7/4,2016,7,4,Asian, 伊拉克,Iraq
1,2016/7/1,2016,7,1,Asian, 土耳其,Turkey
1,2016/7/1,2016,7,1,Asian, 伊拉克,Iraq
1,2016/6/30,2016,6,30,Asian, 蒙古,Mongolia
1,2016/6/30,2016,6,30,Asian, 土耳其,Turkey
1,2016/6/29,2016,6,29,Asian, 土耳其,Turkey
1,2016/6/29,2016,6,29,Asian, 印尼,Indonesia
1,2016/6/28,2016,6,28,Asian, 以色列,Israel
1,2016/6/28,2016,6,28,Asian, 緬甸,Myanmar
1,2016/6/27,2016,6,27,Asian, 伊拉克,Iraq
1,2016/6/24,2016,6,24,Asian, 日本,Japan
1,2016/6/24,2016,6,24,Asian, 印尼,Indonesia
1,2016/6/23,2016,6,23,Asian, 印度,India
1,2016/6/23,2016,6,23,Asian, 北韓,North Korea
1,2016/6/22,2016,6,22,Asian, 敘利亞,Syria
1,2016/6/22,2016,6,22,Asian, 菲律賓,Philippines
1,2016/6/21,2016,6,21,Asian, 柬埔寨,Cambodia
1,2016/6/21,2016,6,21,Asian, 印尼,Indonesia
1,2016/6/20,2016,6,20,Asian, 日本,Japan
1,2016/6/20,2016,6,20,Asian, 印尼,Indonesia
1,2016/6/17,2016,6,17,Asian, 伊拉克,Iraq
1,2016/6/17,2016,6,17,Asian, 巴勒斯坦,Palestine
1,2016/6/16,2016,6,16,Asian, 敘利亞,Syria
1,2016/6/16,2016,6,16,Asian, 巴基斯坦,Pakistan
1,2016/6/15,2016,6,15,Asian, 緬甸,Myanmar
1,2016/6/15,2016,6,15,Asian, 日本,Japan
1,2016/6/14,2016,6,14,Asian, 敘利亞,Syria
1,2016/6/14,2016,6,14,Asian, 南韓,South Korea
1,2016/6/13,2016,6,13,Asian, 孟加拉,Bengal
1,2016/6/8,2016,6,8,Asian, 巴布亞紐幾內亞,Papua New Guinea
1,2016/6/7,2016,6,7,Asian, 土耳其,Turkey
1,2016/6/7,2016,6,7,Asian, 新加坡,Singapore
1,2016/6/6,2016,6,6,Asian, 澳洲,Australia
1,2016/6/4,2016,6,4,Asian, 日本,Japan
1,2016/6/4,2016,6,4,Asian, 新加坡,Singapore
1,2016/6/3,2016,6,3,Asian, 土耳其,Turkey
1,2016/6/3,2016,6,3,Asian, 菲律賓,Philippines
1,2016/6/2,2016,6,2,Asian, 日本,Japan
1,2016/5/31,2016,5,31,Asian, 南韓,South Korea
1,2016/5/30,2016,5,30,Asian, 印尼,Indonesia
1,2016/5/30,2016,5,30,Asian, 日本,Japan
1,2016/5/27,2016,5,27,Asian, 菲律賓,Philippines
1,2016/5/26,2016,5,26,Asian, 印尼,Indonesia
1,2016/5/26,2016,5,26,Asian, 日本,Japan
1,2016/5/25,2016,5,25,Asian, 日本,Japan
1,2016/5/25,2016,5,25,Asian, 北韓,North Korea
1,2016/5/25,2016,5,25,Asian, 土耳其,Turkey
1,2016/5/24,2016,5,24,Asian, 伊朗,Iran
1,2016/5/24,2016,5,24,Asian, 越南,Vietnam
1,2016/5/23,2016,5,23,Asian, 越南,Vietnam
1,2016/5/23,2016,5,23,Asian, 日本,Japan
1,2016/5/20,2016,5,20,Asian, 斯里蘭卡,Sri Lanka
1,2016/5/19,2016,5,19,Asian, 伊拉克,Iraq
1,2016/5/19,2016,5,19,Asian, 印度,India
1,2016/5/18,2016,5,18,Asian, 緬甸,Myanmar
1,2016/5/18,2016,5,18,Asian, 伊拉克,Iraq
1,2016/5/17,2016,5,17,Asian, 泰國,Thailand
1,2016/5/17,2016,5,17,Asian, 菲律賓,Philippines
1,2016/5/16,2016,5,16,Asian, 伊拉克,Iraq
1,2016/5/16,2016,5,16,Asian, 孟加拉,Bengal
1,2016/5/13,2016,5,13,Asian, 南韓,South Korea
1,2016/5/13,2016,5,13,Asian, 葉門,Yemen
1,2016/5/12,2016,5,12,Asian, 日本,Japan
1,2016/5/12,2016,5,12,Asian, 伊拉克,Iraq
1,2016/5/11,2016,5,11,Asian, 日本,Japan
1,2016/5/10,2016,5,10,Asian, 菲律賓,Philippines
1,2016/5/10,2016,5,10,Asian, 澳洲,Australia
1,2016/5/9,2016,5,9,Asian, 菲律賓,Philippines
1,2016/5/9,2016,5,9,Asian, 北韓,North Korea
1,2016/5/6,2016,5,6,Asian, 敘利亞,Syria
1,2016/5/6,2016,5,6,Asian, 北韓,North Korea
1,2016/5/6,2016,5,6,Asian, 印尼,Indonesia
1,2016/5/5,2016,5,5,Asian, 土耳其,Turkey
1,2016/5/5,2016,5,5,Asian, 伊拉克,Iraq
1,2016/5/4,2016,5,4,Asian, 菲律賓,Philippines
1,2016/5/4,2016,5,4,Asian, 葉門,Yemen
1,2016/5/3,2016,5,3,Asian, 澳洲,Australia
1,2016/5/3,2016,5,3,Asian, 印度,India
1,2016/5/2,2016,5,2,Asian, 澳洲,Australia
1,2016/5/2,2016,5,2,Asian, 南韓,South Korea
1,2016/4/29,2016,4,29,Asian, 土耳其,Turkey
1,2016/4/29,2016,4,29,Asian, 北韓,North Korea
1,2016/4/29,2016,4,29,Asian, 印度,India
1,2016/4/28,2016,4,28,Asian, 巴布亞紐幾內亞,Papua New Guinea
1,2016/4/28,2016,4,28,Asian, 日本,Japan
1,2016/4/27,2016,4,27,Asian, 菲律賓,Philippines
1,2016/4/27,2016,4,27,Asian, 北韓,North Korea
1,2016/4/26,2016,4,26,Asian, 澳洲,Australia
1,2016/4/26,2016,4,26,Asian, 北韓,North Korea
1,2016/4/25,2016,4,25,Asian, 印尼,Indonesia
1,2016/4/25,2016,4,25,Asian, 北韓,North Korea
1,2016/4/22,2016,4,22,Asian, 菲律賓,Philippines
1,2016/4/21,2016,4,21,Asian, 伊拉克,Iraq
1,2016/4/21,2016,4,21,Asian, 葉門,Yemen
1,2016/4/20,2016,4,20,Asian, 阿富汗,Afghanistan
1,2016/4/20,2016,4,20,Asian, 日本,Japan
1,2016/4/19,2016,4,19,Asian, 日本,Japan
1,2016/4/19,2016,4,19,Asian, 伊拉克,Iraq
1,2016/4/18,2016,4,18,Asian, 緬甸,Myanmar
1,2016/4/18,2016,4,18,Asian, 日本,Japan
1,2016/4/15,2016,4,15,Asian, 日本,Japan
1,2016/4/14,2016,4,14,Asian, 南韓,South Korea
1,2016/4/13,2016,4,13,Asian, 越南,Vietnam
1,2016/4/13,2016,4,13,Asian, 印度,India
1,2016/4/12,2016,4,12,Asian, 日本,Japan
1,2016/4/11,2016,4,11,Asian, 葉門,Yemen
1,2016/4/11,2016,4,11,Asian, 日本,Japan
1,2016/4/11,2016,4,11,Asian, 南韓,South Korea
1,2016/4/7,2016,4,7,Asian, 日本,Japan
1,2016/4/7,2016,4,7,Asian, 南韓,South Korea
1,2016/4/1,2016,4,1,Asian, 日本,Japan
1,2016/4/1,2016,4,1,Asian, 澳洲,Australia
1,2016/3/30,2016,3,30,Asian, 緬甸,Myanmar
1,2016/3/29,2016,3,29,Asian, 日本,Japan
1,2016/3/29,2016,3,29,Asian, 南韓,South Korea
1,2016/3/29,2016,3,29,Asian, 日本,Japan
1,2016/3/28,2016,3,28,Asian, 敘利亞,Syria
1,2016/3/28,2016,3,28,Asian, 巴基斯坦,Pakistan
1,2016/3/25,2016,3,25,Asian, 日本,Japan
1,2016/3/25,2016,3,25,Asian, 印尼,Indonesia
1,2016/3/24,2016,3,24,Asian, 紐西蘭,New Zealand
1,2016/3/24,2016,3,24,Asian, 土耳其,Turkey
1,2016/3/23,2016,3,23,Asian, 緬甸,Myanmar
1,2016/3/23,2016,3,23,Asian, 印尼,Indonesia
1,2016/3/22,2016,3,22,Asian, 澳洲,Australia
1,2016/3/22,2016,3,22,Asian, 北韓,North Korea
1,2016/3/21,2016,3,21,Asian, 俄羅斯,Russia
1,2016/3/21,2016,3,21,Asian, 澳洲,Australia
1,2016/3/21,2016,3,21,Asian, 土耳其,Turkey
1,2016/3/18,2016,3,18,Asian, 澳洲,Australia
1,2016/3/18,2016,3,18,Asian, 北韓,North Korea
1,2016/3/18,2016,3,18,Asian, 土耳其,Turkey
1,2016/3/17,2016,3,17,Asian, 北韓,North Korea
1,2016/3/16,2016,3,16,Asian, 巴基斯坦,Pakistan
1,2016/3/16,2016,3,16,Asian, 印尼,Indonesia
1,2016/3/15,2016,3,15,Asian, 緬甸,Myanmar
1,2016/3/15,2016,3,15,Asian, 杜拜,Dubai
1,2016/3/14,2016,3,14,Asian, 南韓,South Korea
1,2016/3/14,2016,3,14,Asian, 土耳其,Turkey
1,2016/3/11,2016,3,11,Asian, 日本,Japan
1,2016/3/10,2016,3,10,Asian, 緬甸,Myanmar
1,2016/3/10,2016,3,10,Asian, 北韓,North Korea
1,2016/3/10,2016,3,10,Asian, 伊朗,Iran
1,2016/3/9,2016,3,9,Asian, 伊朗,Iran
1,2016/3/9,2016,3,9,Asian, 北韓,North Korea
1,2016/3/8,2016,3,8,Asian, 韓國,Korea
1,2016/3/7,2016,3,7,Asian, 南韓,South Korea
1,2016/3/7,2016,3,7,Asian, 菲律賓,Philippines
1,2016/3/4,2016,3,4,Asian, 北韓,North Korea
1,2016/3/3,2016,3,3,Asian, 北韓,North Korea
1,2016/3/3,2016,3,3,Asian, 紐西蘭,New Zealand
1,2016/3/2,2016,3,2,Asian, 越南,Vietnam
1,2016/3/2,2016,3,2,Asian, 澳洲,Australia
1,2016/3/2,2016,3,2,Asian, 日本,Japan
1,2016/3/1,2016,3,1,Asian, 伊朗,Iran
1,2016/3/1,2016,3,1,Asian, 敘利亞,Syria
1,2016/2/26,2016,2,26,Asian, 土耳其,Turkey
1,2016/2/26,2016,2,26,Asian, 澳洲,Australia
1,2016/2/26,2016,2,26,Asian, 日本,Japan
1,2016/2/25,2016,2,25,Asian, 澳洲,Australia
1,2016/2/25,2016,2,25,Asian, 日本,Japan
1,2016/2/24,2016,2,24,Asian, 日本,Japan
1,2016/2/24,2016,2,24,Asian, 敘利亞,Syria
1,2016/2/23,2016,2,23,Asian, 斐濟,Fiji
1,2016/2/23,2016,2,23,Asian, 印尼,Indonesia
1,2016/2/23,2016,2,23,Asian, 敘利亞,Syria
1,2016/2/22,2016,2,22,Asian, 澳洲,Australia
1,2016/2/22,2016,2,22,Asian, 敘利亞,Syria
1,2016/2/19,2016,2,19,Asian, 土耳其,Turkey
1,2016/2/19,2016,2,19,Asian, 澳洲,Australia
1,2016/2/18,2016,2,18,Asian, 南韓,South Korea
1,2016/2/18,2016,2,18,Asian, 印尼,Indonesia
1,2016/2/18,2016,2,18,Asian, 土耳其,Turkey
1,2016/2/17,2016,2,17,Asian, 南韓,South Korea
1,2016/2/17,2016,2,17,Asian, 澳洲,Australia
1,2016/2/17,2016,2,17,Asian, 卡達,Qatar
1,2016/2/17,2016,2,17,Asian, 韓國,Korea
1,2016/2/17,2016,2,17,Asian, 菲律賓,Philippines
1,2016/2/16,2016,2,16,Asian, 南韓,South Korea
1,2016/2/16,2016,2,16,Asian, 日本,Japan
1,2016/2/16,2016,2,16,Asian, 敘利亞,Syria
1,2016/2/15,2016,2,15,Asian, 日本,Japan
1,2016/2/15,2016,2,15,Asian, 日本,Japan
1,2016/2/5,2016,2,5,Asian, 日本,Japan
1,2016/2/4,2016,2,4,Asian, 紐西蘭,New Zealand
1,2016/2/4,2016,2,4,Asian, 敘利亞,Syria
1,2016/2/3,2016,2,3,Asian, 南韓,South Korea
1,2016/2/3,2016,2,3,Asian, 北韓,North Korea
1,2016/2/2,2016,2,2,Asian, 紐西蘭,New Zealand
1,2016/2/2,2016,2,2,Asian, 阿富汗,Afghanistan
1,2016/2/1,2016,2,1,Asian, 緬甸,Myanmar
1,2016/2/1,2016,2,1,Asian, 越南,Vietnam
1,2016/2/1,2016,2,1,Asian, 以色列,Israel
1,2016/2/1,2016,2,1,Asian, 敘利亞,Syria
1,2016/1/30,2016,1,30,Asian, 伊朗,Iran
1,2016/1/29,2016,1,29,Asian, 日本,Japan
1,2016/1/29,2016,1,29,Asian, 日本,Japan
1,2016/1/28,2016,1,28,Asian, 巴布亞紐幾內亞,Papua New Guinea
1,2016/1/28,2016,1,28,Asian, 緬甸,Myanmar
1,2016/1/28,2016,1,28,Asian, 越南,Vietnam
1,2016/1/27,2016,1,27,Asian, 菲律賓,Philippines
1,2016/1/27,2016,1,27,Asian, 斯里蘭卡,Sri Lanka
1,2016/1/26,2016,1,26,Asian, 澳洲,Australia
1,2016/1/26,2016,1,26,Asian, 馬來西亞,Malaysia
1,2016/1/26,2016,1,26,Asian, 敘利亞,Syria
1,2016/1/25,2016,1,25,Asian, 印度,India
1,2016/1/25,2016,1,25,Asian, 澳洲,Australia
1,2016/1/25,2016,1,25,Asian, 敘利亞,Syria
1,2016/1/22,2016,1,22,Asian, 日本,Japan
1,2016/1/22,2016,1,22,Asian, 越南,Vietnam
1,2016/1/21,2016,1,21,Asian, 敘利亞,Syria
1,2016/1/21,2016,1,21,Asian, 日本,Japan
1,2016/1/21,2016,1,21,Asian, 伊拉克,Iraq
1,2016/1/21,2016,1,21,Asian, 日本,Japan
1,2016/1/20,2016,1,20,Asian, 沙烏地阿拉伯,Saudi-Arabia
1,2016/1/20,2016,1,20,Asian, 巴基斯坦,Pakistan
1,2016/1/20,2016,1,20,Asian, 敘利亞,Syria
1,2016/1/19,2016,1,19,Asian, 巴基斯坦,Pakistan
1,2016/1/19,2016,1,19,Asian, 日本,Japan
1,2016/1/19,2016,1,19,Asian, 敘利亞,Syria
1,2016/1/18,2016,1,18,Asian, 日本,Japan
1,2016/1/18,2016,1,18,Asian, 伊拉克,Iraq
1,2016/1/18,2016,1,18,Asian, 北韓,North Korea
1,2016/1/15,2016,1,15,Asian, 日本,Japan
1,2016/1/15,2016,1,15,Asian, 澳洲,Australia
1,2016/1/15,2016,1,15,Asian, 印尼,Indonesia
1,2016/1/15,2016,1,15,Asian, 以色列,Israel
1,2016/1/15,2016,1,15,Asian, 伊朗,Iran
1,2016/1/14,2016,1,14,Asian, 澳洲,Australia
1,2016/1/14,2016,1,14,Asian, 菲律賓,Philippines
1,2016/1/14,2016,1,14,Asian, 土耳其,Turkey
1,2016/1/14,2016,1,14,Asian, 印尼,Indonesia
1,2016/1/14,2016,1,14,Asian, 伊朗,Iran
1,2016/1/13,2016,1,13,Asian, 韓國,Korea
1,2016/1/13,2016,1,13,Asian, 伊朗,Iran
1,2016/1/13,2016,1,13,Asian, 巴基斯坦,Pakistan
1,2016/1/13,2016,1,13,Asian, 菲律賓,Philippines
1,2016/1/13,2016,1,13,Asian, 土耳其,Turkey
1,2016/1/13,2016,1,13,Asian, 日本,Japan
1,2016/1/12,2016,1,12,Asian, 巴基斯坦,Pakistan
1,2016/1/12,2016,1,12,Asian, 伊拉克,Iraq
1,2016/1/12,2016,1,12,Asian, 菲律賓,Philippines
1,2016/1/12,2016,1,12,Asian, 緬甸,Myanmar
1,2016/1/12,2016,1,12,Asian, 敘利亞,Syria
1,2016/1/12,2016,1,12,Asian, 南韓,South Korea
1,2016/1/12,2016,1,12,Asian, 越南,Vietnam
1,2016/1/11,2016,1,11,Asian, 北韓,North Korea
1,2016/1/11,2016,1,11,Asian, 南韓,South Korea
1,2016/1/6,2016,1,6,Asian, 科威特,Kuwait
1,2016/1/6,2016,1,6,Asian, 阿富汗,Afghanistan
1,2016/1/6,2016,1,6,Asian, 日本,Japan
1,2016/1/5,2016,1,5,Asian, 南韓,South Korea
1,2016/1/5,2016,1,5,Asian, 緬甸,Myanmar
1,2016/1/5,2016,1,5,Asian, 沙烏地阿拉伯,Saudi-Arabia
1,2016/1/4,2016,1,4,Asian, 沙烏地阿拉伯,Saudi-Arabia
1,2016/1/4,2016,1,4,Asian, 印度,India
1,2015/12/31,2015,12,31,Asian, 伊拉克,Iraq
1,2015/12/31,2015,12,31,Asian, 土耳其,Turkey
1,2015/12/30,2015,12,30,Asian, 北韓,North Korea
1,2015/12/30,2015,12,30,Asian, 南韓,South Korea
1,2015/12/30,2015,12,30,Asian, 伊拉克,Iraq
1,2015/12/29,2015,12,29,Asian, 澳大利亞,Australia
1,2015/12/29,2015,12,29,Asian, 日本,Japan
1,2015/12/29,2015,12,29,Asian, 伊拉克,Iraq
1,2015/12/29,2015,12,29,Asian, 越南,Vietnam
1,2015/12/29,2015,12,29,Asian, 伊朗,Iran
1,2015/12/28,2015,12,28,Asian, 韓國,Korea
1,2015/12/28,2015,12,28,Asian, 伊拉克,Iraq
1,2015/12/28,2015,12,28,Asian, 巴基斯坦,Pakistan
1,2015/12/25,2015,12,25,Asian, 日本,Japan
1,2015/12/25,2015,12,25,Asian, 泰國,Thailand
1,2015/12/25,2015,12,25,Asian, 喬治亞,Georgia
1,2015/12/25,2015,12,25,Asian, 沙烏地阿拉伯,Saudi-Arabia
1,2015/12/24,2015,12,24,Asian, 韓國,Korea
1,2015/12/24,2015,12,24,Asian, 日本,Japan
1,2015/12/23,2015,12,23,Asian, 澳大利亞,Australia
1,2015/12/23,2015,12,23,Asian, 敘利亞,Syria
1,2015/12/23,2015,12,23,Asian, 阿富汗,Afghanistan
1,2015/12/22,2015,12,22,Asian, 印度,India
1,2015/12/22,2015,12,22,Asian, 阿富汗,Afghanistan
1,2015/12/21,2015,12,21,Asian, 約旦,Jordan
1,2015/12/21,2015,12,21,Asian, 敘利亞,Syria
1,2015/12/21,2015,12,21,Asian, 斯里蘭卡,Sri Lanka
1,2015/12/18,2015,12,18,Asian, 日本,Japan
1,2015/12/18,2015,12,18,Asian, 韓國,Korea
1,2015/12/17,2015,12,17,Asian, 葉門,Yemen
1,2015/12/17,2015,12,17,Asian, 北韓,North Korea
1,2015/12/16,2015,12,16,Asian, 沙烏地阿拉伯,Saudi-Arabia
1,2015/12/16,2015,12,16,Asian, 日本,Japan
1,2016/11/16,2016,11,16,China, 香港,Hong Kong
1,2016/11/3,2016,11,3,China, 香港,Hong Kong
1,2016/10/14,2016,10,14,China, 香港,Hong Kong
1,2016/9/7,2016,9,7,China, 台灣,Taiwan
1,2016/9/6,2016,9,6,China, 香港,Hong Kong
1,2016/9/6,2016,9,6,China, 中國大陸,China
1,2016/8/18,2016,8,18,China, 中國大陸,China
1,2016/8/16,2016,8,16,China, 香港,Hong Kong
1,2016/8/8,2016,8,8,China, 中國大陸,China
1,2016/7/29,2016,7,29,China, 中國大陸,China
1,2016/7/27,2016,7,27,China, 台灣,Taiwan
1,2016/7/25,2016,7,25,China, 中國大陸,China
1,2016/7/22,2016,7,22,China, 香港,Hong Kong
1,2016/7/18,2016,7,18,China, 中國大陸,China
1,2016/7/14,2016,7,14,China, 台灣,Taiwan
1,2016/7/13,2016,7,13,China, 台灣,Taiwan
1,2016/6/27,2016,6,27,China, 中國大陸,China
1,2016/6/22,2016,6,22,China, 中國大陸,China
1,2016/6/13,2016,6,13,China, 中國大陸,China
1,2016/6/8,2016,6,8,China, 中國大陸,China
1,2016/6/7,2016,6,7,China, 中國大陸,China
1,2016/6/6,2016,6,6,China, 台灣,Taiwan
1,2016/5/31,2016,5,31,China, 中國大陸,China
1,2016/5/23,2016,5,23,China, 台灣,Taiwan
1,2016/5/16,2016,5,16,China, 台灣,Taiwan
1,2016/5/13,2016,5,13,China, 中國大陸,China
1,2016/5/2,2016,5,2,China, 台灣,Taiwan
1,2016/4/29,2016,4,29,China, 臺灣,Taiwan
1,2016/4/22,2016,4,22,China, 香港,Hong Kong
1,2016/4/7,2016,4,7,China, 臺灣,Taiwan
1,2016/4/1,2016,4,1,China, 臺灣,Taiwan
1,2016/3/31,2016,3,31,China, 台灣,Taiwan
1,2016/3/24,2016,3,24,China, 台灣,Taiwan
1,2016/3/23,2016,3,23,China, 臺灣,Taiwan
1,2016/3/21,2016,3,21,China, 中國大陸,China
1,2016/3/14,2016,3,14,China, 中國大陸,China
1,2016/3/11,2016,3,11,China, 中國大陸,China
1,2016/3/7,2016,3,7,China, 台灣,Taiwan
1,2016/3/1,2016,3,1,China, 台灣,Taiwan
1,2016/2/26,2016,2,26,China, 中國大陸,China
1,2016/2/25,2016,2,25,China, 香港,Hong Kong
1,2016/2/24,2016,2,24,China, 中國大陸,China
1,2016/2/24,2016,2,24,China, 香港,Hong Kong
1,2016/2/23,2016,2,23,China, 中國大陸,China
1,2016/2/22,2016,2,22,China, 臺灣,Taiwan
1,2016/2/18,2016,2,18,China, 台灣,Taiwan
1,2016/2/18,2016,2,18,China, 臺灣,Taiwan
1,2016/2/18,2016,2,18,China, 中國大陸,China
1,2016/2/16,2016,2,16,China, 中國大陸,China
1,2016/2/15,2016,2,15,China, 臺灣,Taiwan
1,2016/2/15,2016,2,15,China, 台灣,Taiwan
1,2016/2/5,2016,2,5,China, 中國大陸,China
1,2016/2/5,2016,2,5,China, 香港,Hong Kong
1,2016/2/3,2016,2,3,China, 臺灣,Taiwan
1,2016/2/3,2016,2,3,China, 香港,Hong Kong
1,2016/2/2,2016,2,2,China, 台灣,Taiwan
1,2016/2/1,2016,2,1,China, 台灣,Taiwan
1,2016/2/1,2016,2,1,China, 中國大陸,China
1,2016/1/30,2016,1,30,China, 香港,Hong Kong
1,2016/1/29,2016,1,29,China, 中國大陸,China
1,2016/1/28,2016,1,28,China, 中國大陸,China
1,2016/1/27,2016,1,27,China, 台灣,Taiwan
1,2016/1/27,2016,1,27,China, 中國大陸,China
1,2016/1/20,2016,1,20,China, 中國大陸,China
1,2016/1/19,2016,1,19,China, 台灣,Taiwan
1,2016/1/19,2016,1,19,China, 中國大陸,China
1,2016/1/18,2016,1,18,China, 挪威,Norway
1,2016/1/13,2016,1,13,China, 中國大陸,China
1,2016/1/12,2016,1,12,China, 中國大陸,China
1,2016/1/6,2016,1,6,China, 中國大陸,China
1,2016/1/6,2016,1,6,China, 中國大陸,China
1,2016/1/4,2016,1,4,China, 香港,Hong Kong
1,2016/1/4,2016,1,4,China, 中國大陸,China
1,2016/1/4,2016,1,4,China, 中國大陸,China
1,2015/12/31,2015,12,31,China, 臺灣,Taiwan
1,2015/12/31,2015,12,31,China, 臺灣,Taiwan
1,2015/12/30,2015,12,30,China, 臺灣,Taiwan
1,2015/12/29,2015,12,29,China, 臺灣,Taiwan
1,2015/12/29,2015,12,29,China, 臺灣,Taiwan
1,2015/12/28,2015,12,28,China, 中國大陸,China
1,2015/12/25,2015,12,25,China, 中國大陸,China
1,2015/12/24,2015,12,24,China, 臺灣,Taiwan
1,2015/12/23,2015,12,23,China, 中國大陸,China
1,2015/12/22,2015,12,22,China, 中國大陸,China
1,2015/12/21,2015,12,21,China, 臺灣,Taiwan
1,2015/12/21,2015,12,21,China, 中國大陸,China
1,2015/12/21,2015,12,21,China, 中國大陸,China
1,2015/12/18,2015,12,18,China, 臺灣,Taiwan
1,2015/12/17,2015,12,17,China, 臺灣,Taiwan
1,2015/12/17,2015,12,17,China, 臺灣,Taiwan
1,2015/12/16,2015,12,16,China, 中國大陸,China
1,2015/12/16,2015,12,16,China, 臺灣,Taiwan
