,date,area,place,title
1,2016.11.18,Africa, 莫三比克,莫三比克運油車爆炸，釀至少73死 
2,2016.11.17,Africa, 肯亞,肯亞決定延後半年關閉達達阿比難民營 
3,2016.11.15,Africa, 奈及利亞,奈及利亞什葉派穆斯林與警方發生衝突，釀至少9死 
4,2016.11.14,Africa, 埃及,IMF同意提供埃及120億美元貸款紓困 
5,2016.11.11,Africa, 南非,南非國會對總統進行不信任投票 
6,2016.11.09,Africa, 奈及利亞,奈及利亞礦場遭槍手攻擊，釀逾30死 
7,2016.11.07,Africa, 南非,被指控涉貪，南非總統稱不害怕坐牢 
8,2016.11.04,Africa, 南非,南非數千民眾上街要求涉貪總統下台 
9,2016.11.04,Africa, 利比亞,聯合國：利比亞外海2起船難釀至少239死 
10,2016.11.03,Africa, 南蘇丹,肯亞退出南蘇丹維和任務 
11,2016.11.02,Africa, 摩洛哥,執法致魚販喪命，摩洛哥民眾上街抗議 
12,2016.10.28,Africa, 馬達加斯加,聯合國：馬達加斯加150萬人面臨飢荒 
13,2016.10.27,Africa, 索馬利亞,索馬利亞小型港口遭IS相關組織攻占 
14,2016.10.26,Africa, 肯亞,肯亞宣布所有死刑者減刑為終生監禁 
15,2016.10.25,Africa, 利比亞,利比亞政府軍自IS救出13名外國人質 
16,2016.10.21,Africa, 衣索比亞,"衣索比亞鎮壓反政府示威，逮捕超過1,600人 "
17,2016.10.20,Africa, 剛果民主共和國,剛果前副總統收買證人，國際刑事法院判有罪 
18,2016.10.19,Africa, 索馬利亞,索馬利亞「青年黨」攻擊戰略重鎮阿夫戈耶 
19,2016.10.18,Africa, 盧安達,流亡50餘年，盧安達末代國王於華府辭世 
20,2016.10.17,Africa, 尼日,美國志工於尼日住家遭綁 
21,2016.10.14,Africa, 奈及利亞,博科聖地釋放21名兩年前遭綁女學生 
22,2016.10.13,Africa, 蒲隆地,蒲隆地國會投票通過退出國際刑事法院 
23,2016.10.12,Africa, 剛果民主共和國,聯合國：剛果政治危機擴大，恐引發「大規模」暴動 
24,2016.10.11,Africa, 蒲隆地,「聯合國」報告指控蒲隆地政府嚴重侵犯人權 
25,2016.10.06,Africa, 衣索比亞,美公民在衣索比亞遭攻擊，傷重不治 
26,2016.10.05,Africa, 剛果,剛果下通牒，要求750名南蘇丹士兵一週內離開 
27,2016.10.03,Africa, 衣索匹亞,衣索比亞反政府示威釀成踩踏事件，多人死傷 
28,2016.09.30,Africa, 索馬利亞,索馬利亞：美軍空襲誤殺平民 
29,2016.09.29,Africa, 阿爾及利亞,OPEC八年來首次同意減產，油價聞訊大漲5% 
30,2016.09.29,Africa, 蘇丹,國際特赦組織指控蘇丹政府動用化武 
31,2016.09.22,Africa, 埃及,移民船在埃及外海翻覆，釀至少42死 
32,2016.09.22,Africa, 衣索比亞,衣索比亞將打造工業園區，以提供難民工作機會 
33,2016.09.21,Africa, 索馬利亞,索馬利亞逾500萬人面臨缺糧問題 
34,2016.09.20,Africa, 剛果民主共和國,剛果民主共和國爆發警民衝突，釀至少17死 
35,2016.09.19,Africa, 中非共和國,中非叛軍組織被控屠殺26人 
36,2016.09.19,Africa, 南蘇丹,「聯合國難民署」：來自南蘇丹的難民破百萬人 
37,2016.09.14,Africa, 南非,南非禁止美國反同牧師入境 
38,2016.09.13,Africa, 坦尚尼亞,坦尚尼亞強震釀至少16死 
39,2016.09.12,Africa, 肯亞,3名女子試圖對肯亞警察局發動攻擊 
40,2016.09.10,Africa, 貝南,非洲貝南垃圾場傳爆炸，至少2死61傷 
41,2016.09.09,Africa, 加彭,質疑總統選舉不公，加彭反對派提告憲法法庭 
42,2016.09.08,Africa, 辛巴威,杜絕盜獵行徑，辛巴威先行為犀牛割角 
43,2016.09.07,Africa, 加彭,抗議總統選舉不公，加彭司法部長宣布辭職 
44,2016.09.02,Africa, 加彭,抗議總統選舉不公，加彭首都陷入混亂 
45,2016.09.01,Africa, 加彭,加彭現任總統以些微差距連任成功 
46,2016.08.31,Africa, 索馬利亞,索馬利亞首都遭汽車炸彈攻擊，共5死10傷 
47,2016.08.30,Africa, 加彭,「歐盟」觀察團：加彭總統選舉「缺乏透明度」 
48,2016.08.29,Africa, 加彭,加彭反對派總統候選人宣布勝選 
49,2016.08.26,Africa, 奈及利亞,奈及利亞近50萬名孩童嚴重營養不良 
50,2016.08.25,Africa, 辛巴威,辛巴威民眾抗議總統獨裁，演變成警民暴力衝突 
51,2016.08.24,Africa, 剛果民主共和國,「世衛」將召開緊急會議，商討黃熱病疫情 
52,2016.08.24,Africa, 利比亞,利比亞國會對「聯合國」支持的聯合政府投下不信任票 
53,2016.08.22,Africa, 馬利,破壞文化遺址廷巴克圖，馬利叛軍向國際刑事法院認罪 
54,2016.08.19,Africa, 剛果民主共和國,遭政府軍追殺，南蘇丹副總統流亡剛果 
55,2016.08.18,Africa, 南蘇丹,南蘇丹政府軍性侵外籍志工，聯合國維和部隊拒絕伸出援手 
56,2016.08.17,Africa, 尚比亞,尚比亞傳總統選舉不公，警方逮捕133名抗議民眾 
57,2016.08.16,Africa, 尚比亞,尚比亞總統連任成功，反對黨痛批作票 
58,2016.08.15,Africa, 剛果民主共和國,剛果小鎮遭屠殺，舉國哀悼3日 
59,2016.08.12,Africa, 尚比亞,尚比亞總統暨國會大選順利落幕 
60,2016.08.11,Africa, 利比亞,利比亞宣稱已將「伊斯蘭國」逐出蘇爾特 
61,2016.08.09,Africa, 衣索匹亞,國際特赦組織：衣索比亞近百名示威民眾遭警方槍殺 
62,2016.08.08,Africa, 聖多美及普林西比,聖多美總統杯葛總統大選第二輪選舉 
63,2016.08.05,Africa, 南非,南非地方選舉，執政黨恐輸掉主要城市 
64,2016.08.04,Africa, 南非,南非地方選舉，執政黨面臨苦戰 
65,2016.08.02,Africa, 利比亞,美軍對利比亞境內「伊斯蘭國」發動空襲 
66,2016.08.01,Africa, 突尼西亞,突尼西亞國會通過總理不信任案 
67,2016.07.27,Africa, 索馬利亞,索馬利亞首都機場附近傳汽車炸彈攻擊 
68,2016.07.26,Africa, 利比亞,利比亞政府軍從「伊斯蘭國」奪回蘇爾特安全總部 
69,2016.07.25,Africa, 南蘇丹,南蘇丹反對派陣營撤換領導人 
70,2016.07.22,Africa, 甘比亞,甘比亞反對黨領袖遭判刑3年 
71,2016.07.21,Africa, 利比亞,3名法籍士兵在利比亞喪生 
72,2016.07.20,Africa, 馬利,馬利軍事基地遭伊斯蘭激進分子攻擊 
73,2016.07.19,Africa, 奈及利亞,「聯合國兒童基金會」：奈及利亞近25萬名兒童營養不良 
74,2016.07.18,Africa, 摩洛哥,時隔32年，摩洛哥尋求重新加入「非洲聯盟」 
75,2016.07.15,Africa, 南蘇丹,烏干達部隊赴南蘇丹撤僑 
76,2016.07.13,Africa, 南蘇丹,逾7成南蘇丹人急需人道救助 
77,2016.07.12,Africa, 索馬利亞,索馬利亞軍事基地遭自殺炸彈攻擊，8人身亡 
78,2016.07.11,Africa, 南蘇丹,南蘇丹首都爆發激戰，至少272人喪生 
79,2016.07.07,Africa, 莫三比克,印度總理出訪非洲4國 
80,2016.07.06,Africa, 盧安達,「非洲聯盟」推出「單一護照制」 
81,2016.07.01,Africa, 索馬利亞,索馬利亞公車遭路邊炸彈攻擊，至少14人喪生 
82,2016.06.30,Africa, 南蘇丹,「聯合國」：480萬南蘇丹人將嚴重缺糧 
83,2016.06.29,Africa, 埃及,埃及將英籍黎巴嫩裔政論節目主持人驅逐出境 
84,2016.06.28,Africa, 南非,南非總統公款私用，財政部追討50萬美元 
85,2016.06.27,Africa, 奈及利亞,"奈及利亞部隊自「博科聖地」手中救出5,000名人質 "
86,2016.06.24,Africa, 南蘇丹,維和部隊坐視南蘇丹難民營遇襲，「聯合國」要求撤回 
87,2016.06.23,Africa, 奈及利亞,無國界醫生：奈及利亞難民營近200人餓死 
88,2016.06.22,Africa, 剛果,國際刑事法庭：剛果前副總統犯下戰爭罪，判刑18年 
89,2016.06.21,Africa, 肯亞,肯亞5名員警遇襲身亡，「索馬利亞青年黨」疑為主謀 
90,2016.06.20,Africa, 埃及,埃航MS804失事班機尋獲黑盒子 
91,2016.06.17,Africa, 利比亞,利比亞又傳自殺汽車炸彈襲擊，10死7傷 
92,2016.06.16,Africa, 厄立垂亞,厄立垂亞與衣索匹亞爆發邊界衝突 
93,2016.06.15,Africa, 迦納,印度總統稱將在迦納提高貿易投資額 
94,2016.06.14,Africa, 利比亞,利比亞自「伊斯蘭國」奪回關鍵城市 
95,2016.06.13,Africa, 迦納,印度總統出訪迦納等非洲3國 
96,2016.06.07,Africa, 南非,英澳警告：南非面臨恐攻威脅 
97,2016.06.03,Africa, 甘比亞,「國際特赦組織」：甘比亞應停止鎮壓異議人士 
98,2016.06.03,Africa, 埃及,法國向埃及交付2艘「西北風級」航母 
99,2016.06.02,Africa, 索馬利亞,索馬利亞首都飯店遭炸彈攻擊，至少15死 
100,2016.05.31,Africa, 塞內加爾,查德前獨裁者犯下違反人道罪，判終身監禁 
101,2016.05.30,Africa, 利比亞,地中海船難頻傳，約700名移民罹難 
102,2016.05.27,Africa, 南非,南非通過土地徵收法案 
103,2016.05.25,Africa, 突尼西亞,重創觀光業，突尼西亞呼籲英國政府解除旅遊警告 
104,2016.05.24,Africa, 肯亞,肯亞反對黨抗議行動，傳至少1人喪生 
105,2016.05.23,Africa, 利比亞,利比亞攔截850名試圖搭船進入歐洲的非法移民 
106,2016.05.20,Africa, 埃及,「埃及航空」MS804航班失聯前曾兩度急轉彎 
107,2016.05.20,Africa, 剛果,剛果反對黨總統候選人遭起訴 
108,2016.05.20,Africa, 奈及利亞,奈及利亞女學生綁架案，再救出1人 
109,2016.05.19,Africa, 埃及,「埃及航空」MS804航班失聯 
110,2016.05.18,Africa, 肯亞,肯亞警察毒打抗議民眾，引發國際撻伐聲浪 
111,2016.05.18,Africa, 奈及利亞,協商破裂，奈及利亞工會18日將發動罷工 
112,2016.05.17,Africa, 利比亞,對抗IS，列強擬提供武器給利比亞政府 
113,2016.05.17,Africa, 奈及利亞,奈及利亞調漲油價67%，工會揚言全國大罷工 
114,2016.05.17,Africa, 坦尚尼亞,打擊貪腐，坦尚尼亞剷除萬名「幽靈公務員」 
115,2016.05.16,Africa, 奈及利亞,對抗「博科聖地」，法國與奈及利亞同意加強軍事合作 
116,2016.05.16,Africa, 埃及,不滿政府割島，埃及逾百名抗議民眾遭法院重判 
117,2016.05.13,Africa, 烏干達,烏干達總統就職典禮，西方各國代表離席抗議 
118,2016.05.12,Africa, 烏干達,烏干達總統就職前夕，警方逮捕反對黨領袖 
119,2016.05.12,Africa, 衣索匹亞,衣索匹亞暴雨引發土石流，奪走數十條人命 
120,2016.05.10,Africa, 肯亞,肯亞警方動用催淚瓦斯驅離抗議民眾 
121,2016.05.10,Africa, 盧安達,盧安達大雨引發土石流，至少53死 
122,2016.05.09,Africa, 肯亞,肯亞擬關閉國內所有難民營，60萬人將流離失所 
123,2016.05.09,Africa, 埃及,埃及8名警察遇襲身亡，「伊斯蘭國」坦承犯案 
124,2016.05.06,Africa, 奈及利亞,美國有意出售輕型攻擊機，助奈及利亞圍剿激進組織「博科聖地」 
125,2016.05.04,Africa, 奈及利亞,前任政府涉武器採購弊案，奈國損失約150億美元 
126,2016.05.04,Africa, 辛巴威,遭逢嚴重乾旱，辛巴威出售野生動物 
127,2016.05.03,Africa, 肯亞,IMF：撒哈拉以南非洲經濟成長將創16年來新低 
128,2016.05.03,Africa, 埃及,2名記者遭逮捕，埃及記者協會發動抗議 
129,2016.05.02,Africa, 埃及,埃及警方阻止勞工紀念國際勞動節 
130,2016.05.02,Africa, 肯亞,肯亞銷毀大量象牙，展現保護非洲象之決心 
131,2016.04.29,Africa, 莫三比克,英國暫緩向莫三比克提供金援 
132,2016.04.28,Africa, 奈及利亞,「歐盟」將與奈及利亞就遣返經濟移民展開協商 
133,2016.04.27,Africa, 南蘇丹,南蘇丹叛軍領袖重返首都擔任副總統 
134,2016.04.25,Africa, 埃及,面對抗議聲浪，埃及總統呼籲人民捍衛國家 
135,2016.04.25,Africa, 蘇丹,蘇丹達佛公投出爐，將維持5個省的行政狀態 
136,2016.04.22,Africa, 南非,南非總統公布軍售弊案調查報告，證明自己清白 
137,2016.04.22,Africa, 查德,查德公布總統大選結果，現任總統德比5度連任 
138,2016.04.21,Africa, 南蘇丹,南蘇丹交戰雙方達成共識，叛軍領袖將返國共組團結政府 
139,2016.04.20,Africa, 尚比亞,尚比亞首都發生排外暴動，逾250人被捕 
140,2016.04.20,Africa, 南蘇丹,南蘇丹和平協議遲未落實，聯合國表達關切 
141,2016.04.19,Africa, 馬利,紅十字國際委員會：3名工作人員在馬利北部失聯 
142,2016.04.19,Africa, 衣索比亞,衣索比亞軍隊試圖搶救遭南蘇丹穆勒族挾持之孩童 
143,2016.04.18,Africa, 利比亞,德法外長共同出訪利比亞，展現對新政府之支持立場 
144,2016.04.18,Africa, 衣索比亞,衣索比亞：南蘇丹武裝分子在邊界地區殺害140人 
145,2016.04.15,Africa, 迦納,迦納政府文件示警：伊斯蘭武裝分子鎖定迦納與鄰國多哥 
146,2016.04.14,Africa, 蘇丹,蘇丹達佛完成公投，叛軍指控政府操縱投票 
147,2016.04.14,Africa, 奈及利亞,激進組織「博科聖地」釋影片，證明遭綁架女學生中仍有存活者 
148,2016.04.13,Africa, 奈及利亞,聯合國：「博科聖地」利用更多孩童發動自殺炸彈攻擊 
149,2016.04.12,Africa, 奈及利亞,土耳其貨輪在奈及利亞外海遭海盜攻擊，6名船員遭挾持 
150,2016.04.11,Africa, 蘇丹,蘇丹達佛地區將就其行政地位舉行公投 
151,2016.04.08,Africa, 肯亞,肯亞總統籲德國擴大對非洲投資 
152,2016.04.07,Africa, 奈及利亞,西非「拉薩熱」疫情已致164死 
153,2016.04.06,Africa, 盧安達,美無人機將在盧安達配送醫療物資 
154,2016.03.31,Africa, 烏干達,非洲成為以色列結盟新對象 
155,2016.03.30,Africa, 賴比瑞亞,「世衛組織」：「伊波拉」緊急狀態解除 
156,2016.03.30,Africa, 埃及,「埃及航空」劫機案和平落幕，無人傷亡 
157,2016.03.29,Africa, 奈及利亞,約2/3非洲國家向中國大陸採購武器 
158,2016.03.29,Africa, 吉布地,吉布地將出現首座中國大陸海外軍事基地 
159,2016.03.28,Africa, 衣索比亞,衣索比亞面臨數十年來最嚴重乾旱 
160,2016.03.25,Africa, 剛果,剛果總統大選，現任總統獲得連任 
161,2016.03.24,Africa, 塞內加爾,塞內加爾修憲公投，逾6成民眾支持縮短總統任期 
162,2016.03.23,Africa, 尼日,尼日總統大選結果出爐，現任總統獲壓倒性勝利 
163,2016.03.22,Africa, 貝南,棉花大王塔隆當選貝南總統 
164,2016.03.21,Africa, 塞內加爾,塞內加爾舉行修憲公投，縮短總統任期 
165,2016.03.21,Africa, 尼日,尼日總統大選，現任總統可望連任 
166,2016.03.18,Africa, 喀麥隆,「博科聖地」武裝分子遭喀麥隆軍事法院判處死刑 
167,2016.03.17,Africa, 奈及利亞,奈及利亞參議院否決性別平等法草案，引發大眾譴責 
168,2016.03.17,Africa, 摩洛哥,潘基文發言惹議，摩洛哥退出西薩哈拉維和行動 
169,2016.03.16,Africa, 布吉納法索,因應恐攻，法國擬在布吉納法索部署武警部隊 
170,2016.03.16,Africa, 辛巴威,辛巴威糧荒，兒童嚴重營養不良 
171,2016.03.15,Africa, 蒲隆地,歐盟暫停對蒲隆地之直接援助 
172,2016.03.14,Africa, 象牙海岸,象牙海岸度假城鎮恐攻釀16死，蓋達分支坦承犯案 
173,2016.03.10,Africa, 索馬利亞,聯合國糧農組織：非洲27國面臨飢荒 
174,2016.03.08,Africa, 突尼西亞,突尼西亞邊城遭IS聖戰士襲擊 
175,2016.03.08,Africa, 索馬利亞,美軍對索馬利亞激進組織「青年黨」發動空襲 
176,2016.03.07,Africa, 貝南,西非貝南舉行總統大選 
177,2016.03.03,Africa, 埃及,與以色列大使共進晚餐惹議，埃及議員遭國會除名 
178,2016.03.03,Africa, 坦尚尼亞,南蘇丹加入「東非共同體」成為第六個成員國 
179,2016.03.01,Africa, 索馬利亞,索馬利亞連環爆炸案，激進組織「青年黨」坦承犯案 
180,2016.03.01,Africa, 辛巴威,辛巴威總統豪擲80萬美元辦生日趴，引發外界抨擊 
181,2016.02.26,Africa, 蒲隆地,人權組織：蒲隆地維安部隊攻擊平民 
182,2016.02.24,Africa, 蒲隆地,"潘基文：蒲隆地總統承諾釋放2,000人 "
183,2016.02.23,Africa, 衣索比亞,「人權觀察」：衣索比亞政府鎮壓示威民眾 
184,2016.02.22,Africa, 中非共和國,中非共和國大選結果出爐，新總統將面臨嚴峻挑戰 
185,2016.02.22,Africa, 尼日,尼日舉行總統與國會選舉 
186,2016.02.19,Africa, 烏干達,烏干達大選狀況頻傳，在野候選人再度被捕 
187,2016.02.19,Africa, 奈及利亞,奈軍自「博科聖地」救出195名人質 
188,2016.02.18,Africa, 烏干達,烏干達大選，現任總統尋求第5任期 
189,2016.02.17,Africa, 塞內加爾,選舉承諾跳票，塞內加爾總統將做滿7年任期 
190,2016.02.16,Africa, 烏干達,烏干達總統大選前夕，總統候選人一度被捕 
191,2016.02.16,Africa, 安哥拉,安哥拉爆發「黃熱病」疫情 
192,2016.02.15,Africa, 中非共和國,中非共和國進行第二輪總統大選 
193,2016.02.15,Africa, 奈及利亞,奈國2村落遭「博科聖地」攻擊，30人喪生 
194,2016.02.03,Africa, 索馬利亞,索馬利亞客機空中爆炸，緊急迫降成功 
195,2016.02.02,Africa, 史瓦濟蘭,非洲乾旱造成史瓦濟蘭農業損失慘重 
196,2016.02.01,Africa, 衣索比亞,衣索比亞乾旱加劇，引發饑荒危機 
197,2016.02.01,Africa, 奈及利亞,奈及利亞遭「博科聖地」攻擊，至少65死 
198,2016.01.30,Africa, 中非共和國,歐盟駐中非部隊涉嫌性侵該國兒童 
199,2016.01.29,Africa, 南非,對抗通膨壓力，南非央行再度升息半碼 
200,2016.01.28,Africa, 奈及利亞,奈及利亞自殺攻擊，造成至少13人死亡 
201,2016.01.26,Africa, 喀麥隆,喀麥隆北部發生自殺攻擊，至少32死 
202,2016.01.25,Africa, 南非,南非資深政治人物戈德伯格呼籲執政黨撤換領導階層 
203,2016.01.22,Africa, 索馬利亞,青年黨攻擊索馬利亞餐廳，釀20人死亡 
204,2016.01.22,Africa, 埃及,開羅近郊發生爆炸，造成至少6人死亡 
205,2016.01.20,Africa, 布吉納法索,布吉納法索恐攻，仍有3名槍手在逃 
206,2016.01.19,Africa, 塞內加爾,塞內加爾總統尋求縮減總統任期 
207,2016.01.18,Africa, 布吉納法索,布吉納法索首都遭恐攻，造成28人罹難 
208,2016.01.15,Africa, 獅子山共和國,獅子山共和國再度出現伊波拉死亡病例 
209,2016.01.14,Africa, 賴比瑞亞,世衛組織將宣布賴比瑞亞伊波拉疫情結束 
210,2016.01.11,Africa, 南非,南非熱浪持續一週，造成11人死亡 
211,2016.01.11,Africa, 埃及,暌違近4年，埃及國會首度開議 
212,2016.01.11,Africa, 埃及,「阿拉伯聯盟」力挺利雅德，譴責伊朗未保護沙國使館 
213,2016.01.06,Africa, 中非共和國,「聯合國」駐中非共和國維和部隊再曝性侵醜聞 
214,2016.01.05,Africa, 利比亞,利比亞東部石油港遭「伊斯蘭國」武裝分子攻擊 
215,2016.01.04,Africa, 盧安達,盧安達總統宣布角逐第三任期 
216,2015.12.30,Africa, 幾內亞,WHO：幾內亞結束「伊波拉」疫情 
217,2015.12.29,Africa, 烏干達,蒲隆地瀕臨內戰邊緣，敵對雙方在烏干達舉行和談 
218,2015.12.28,Africa, 貝南,直升機迫降墜毀，貝南總理津蘇安然無恙 
219,2015.12.28,Africa, 奈及利亞,博科聖地發動恐攻，奈國東北至少15死 
220,2015.12.25,Africa, 奈及利亞,奈及利亞發生天然氣廠爆炸意外，100多人死亡 
221,2015.12.23,Africa, 史瓦濟蘭,臺灣協助史瓦濟蘭推動合作計畫案 
222,2015.12.22,Africa, 布吉納法索,布吉納法索對前總統龔保雷發布國際通緝令 
223,2015.12.21,Africa, 肯亞,機上疑似有炸彈，「法航」班機緊急降落肯亞 
224,2015.12.17,Africa, 南非,南非民眾發動示威要求總統下台 
225,2016.11.25,Central and South America, 哥倫比亞,哥倫比亞政府與叛軍FARC簽署新的和平協議 
226,2016.11.24,Central and South America, 哥倫比亞,哥倫比亞將與叛軍FARC簽署新的和平協定 
227,2016.11.24,Central and South America, 玻利維亞,玻利維亞大旱、水庫見底，學校提早停課 
228,2016.11.22,Central and South America, 海地,海地展開計票工作 
229,2016.11.21,Central and South America, 祕魯,APEC領袖重申對抗各種形式貿易保護主義 
230,2016.11.21,Central and South America, 海地,海地舉行總統大選 
231,2016.11.18,Central and South America, 秘魯,APEC年度會議在秘魯利馬展開 
232,2016.11.17,Central and South America, 宏都拉斯,中美洲聯合部隊展開行動打擊幫派及組織犯罪 
233,2016.11.16,Central and South America, 奈及利亞,"聯合國：奈及利亞7萬5,000名兒童面臨餓死風險 "
234,2016.11.16,Central and South America, 古巴,響應慈悲禧年，古巴特赦787名囚犯 
235,2016.11.15,Central and South America, 委內瑞拉,委國總統：不會提前舉行大選 
236,2016.11.14,Central and South America, 哥倫比亞,哥倫比亞政府與叛軍簽署新和平協議 
237,2016.11.11,Central and South America, 墨西哥,墨西哥稱願與川普討論北美自由貿易協定 
238,2016.11.10,Central and South America, 古巴,古巴將展開全國軍事演習 
239,2016.11.10,Central and South America, 巴西,里約熱內盧州公務員抗議撙節措施 
240,2016.11.08,Central and South America, 尼加拉瓜,尼加拉瓜總統奧蒂嘉連續第三度當選 
241,2016.11.08,Central and South America, 巴西,巴西政府凍結里約熱內盧州銀行帳戶 
242,2016.11.07,Central and South America, 尼加拉瓜,尼加拉瓜總統可望再度連任 
243,2016.11.02,Central and South America, 委內瑞拉,回應反對陣營訴求，委內瑞拉釋放3政治犯 
244,2016.11.01,Central and South America, 巴西,巴西市政選舉結果出爐，支持政府派政黨大勝 
245,2016.11.01,Central and South America, 薩爾瓦多,薩爾瓦多前總統及多名高層涉貪遭逮 
246,2016.10.27,Central and South America, 委內瑞拉,委內瑞拉反對黨呼籲民眾展開大罷工 
247,2016.10.26,Central and South America, 委內瑞拉,委內瑞拉國會決定對總統展開審判 
248,2016.10.25,Central and South America, 哥倫比亞,哥倫比亞政府與FARC重啟和平談判 
249,2016.10.24,Central and South America, 委內瑞拉,委內瑞拉中止罷免總統之公投連署 
250,2016.10.21,Central and South America, 巴西,巴西儲水壩潰堤致鐵礦廢料外溢，檢方起訴21人 
251,2016.10.20,Central and South America, 巴西,巴西眾院前議長古尼雅涉貪被捕 
252,2016.10.19,Central and South America, 厄瓜多,憂影響美國大選，厄瓜多坦承限制亞桑傑上網 
253,2016.10.18,Central and South America, 哥倫比亞,哥倫比亞第二大叛軍：不會倉促簽定和平協議 
254,2016.10.17,Central and South America, 海地,潘基文赴海地查看災情 
255,2016.10.14,Central and South America, 哥倫比亞,哥倫比亞民眾上街要求恢復和平協議 
256,2016.10.12,Central and South America, 巴西,治安每況愈下，巴西里約公安廳長請辭下台 
257,2016.10.11,Central and South America, 海地,颶風馬修重創海地，官員憂心爆發飢荒與霍亂 
258,2016.10.07,Central and South America, 海地,颶風「馬修」重創海地，死亡人數增至264人 
259,2016.10.06,Central and South America, 海地,颶風馬修重創海地，總統大選被迫再次延後 
260,2016.10.05,Central and South America, 海地,颶風「馬修」襲海地，狂風暴雨釀災情 
261,2016.10.04,Central and South America, 哥倫比亞,哥倫比亞總統：不會放棄，將繼續推動和平 
262,2016.10.04,Central and South America, 海地,強大颶風「馬修」逼近海地 
263,2016.10.03,Central and South America, 哥倫比亞,哥倫比亞公投否決與FARC叛軍的和平協議 
264,2016.09.30,Central and South America, 哥倫比亞,哥倫比亞第二大叛軍ELN：準備好與政府展開和平談判 
265,2016.09.26,Central and South America, 墨西哥,墨西哥民眾上街抗議，反對同性婚姻合法化 
266,2016.09.14,Central and South America, 巴西,巴西眾議院前議長遭革職 
267,2016.09.13,Central and South America, 墨西哥,墨西哥同性婚姻支持人士上街遊行 
268,2016.09.12,Central and South America, 哥倫比亞,哥倫比亞反叛團體釋放首批兒童兵 
269,2016.09.08,Central and South America, 巴西,巴西左派發動反新政府示威遊行 
270,2016.09.05,Central and South America, 哥倫比亞,哥倫比亞：本月底與FARC叛軍簽署和平協議 
271,2016.09.05,Central and South America, 阿根廷,阿根廷數萬人上街抗議政府裁員政策 
272,2016.09.02,Central and South America, 巴西,羅賽芙下台，拉美左派政府紛表不滿 
273,2016.09.01,Central and South America, 巴西,巴西總統羅賽芙遭彈劾下台 
274,2016.08.31,Central and South America, 墨西哥,掃毒疑似處決平民，墨國警察總長遭撤職 
275,2016.08.30,Central and South America, 巴西,巴西總統首赴參議院為彈劾案辯護 
276,2016.08.29,Central and South America, 哥倫比亞,哥倫比亞左派叛軍正式宣布無限期停火 
277,2016.08.26,Central and South America, 玻利維亞,玻利維亞內政部次長遭礦工殺害 
278,2016.08.25,Central and South America, 哥倫比亞,哥倫比亞政府和叛軍簽署歷史性和平協議 
279,2016.08.24,Central and South America, 委內瑞拉,委內瑞拉官員連署罷免總統，恐遭馬杜洛報復 
280,2016.08.23,Central and South America, 墨西哥,墨西哥總統法律學士論文被控涉嫌抄襲 
281,2016.08.22,Central and South America, 巴西,衣索比亞馬拉松選手於里約奧運冒死抗議政府暴行 
282,2016.08.19,Central and South America, 巴西,美國奧運金牌泳將疑謊報里約遇搶 
283,2016.08.18,Central and South America, 海地,海地霍亂疫情，「聯合國」首度坦承疏失 
284,2016.08.17,Central and South America, 墨西哥,墨西哥大毒梟之子疑遭敵對黑幫擄走 
285,2016.08.16,Central and South America, 墨西哥,墨西哥黑幫闖度假餐廳強擄十多人 
286,2016.08.15,Central and South America, 古巴,古巴前領導人卡斯楚慶祝90大壽 
287,2016.08.12,Central and South America, 委內瑞拉,哥倫比亞與委內瑞拉13日重新開放部分邊境 
288,2016.08.11,Central and South America, 哥倫比亞,波哥大當局拆毀惡名昭彰的「布朗克斯貧民區」 
289,2016.08.10,Central and South America, 巴西,巴西參議院投票通過，將對羅塞芙展開彈劾審判 
290,2016.08.10,Central and South America, 委內瑞拉,委內瑞拉公布罷免總統公投時程表，反對派強烈不滿 
291,2016.08.09,Central and South America, 墨西哥,熱帶風暴引發土石流，墨西哥搜尋生還者 
292,2016.08.08,Central and South America, 墨西哥,熱帶颶風橫掃墨西哥，造成38死 
293,2016.08.05,Central and South America, 阿根廷,阿根廷法官下令逮捕人權組織「五月廣場母親」創辦人 
294,2016.08.04,Central and South America, 貝里斯,熱帶颶風來勢洶洶，貝里斯嚴陣以待 
295,2016.08.02,Central and South America, 委內瑞拉,委內瑞拉罷免總統公投有譜 
296,2016.08.01,Central and South America, 巴西,國際奧委會將成立3人小組，決定俄運動員最終參賽權 
297,2016.07.29,Central and South America, 瓜地馬拉,瓜地馬拉法官下令對前總統展開貪污調查 
298,2016.07.29,Central and South America, 秘魯,秘魯新總統庫辛斯基宣誓就職 
299,2016.07.28,Central and South America, 阿根廷,阿根廷宣布協助女性暴力受害者的新計畫 
300,2016.07.28,Central and South America, 委內瑞拉,委內瑞拉反對派上街抗議選舉委員會延宕公投進度 
301,2016.07.27,Central and South America, 秘魯,秘魯前總統藤森謙也二度申請特赦遭拒 
302,2016.07.26,Central and South America, 墨西哥,墨西哥市長協會要求政府提供安全保護 
303,2016.07.25,Central and South America, 巴西,巴西當局持續搜尋準備對奧運發動恐攻之嫌犯 
304,2016.07.22,Central and South America, 巴西,巴西逮捕10名準備在奧運期間發動恐攻的嫌犯 
305,2016.07.21,Central and South America, 巴拿馬,巴拿馬就美國入侵巴拿馬事件展開調查 
306,2016.07.20,Central and South America, 哥倫比亞,哥倫比亞將禁止委內瑞拉再度短暫開放邊界 
307,2016.07.20,Central and South America, 墨西哥,墨西哥總統為妻子購屋醜聞道歉 
308,2016.07.18,Central and South America, 委內瑞拉,委內瑞拉二度開啟邊界，逾10萬人湧入哥國購買物資 
309,2016.07.15,Central and South America, 巴西,「里約奧運」：氣候因素可望降低「茲卡」傳染率 
310,2016.07.14,Central and South America, 巴西,巴西為「里約奧運」增撥維安經費 
311,2016.07.13,Central and South America, 巴西,深陷經濟危機，委內瑞拉尋求巴西庇護人數大增 
312,2016.07.12,Central and South America, 委內瑞拉,委內瑞拉總統不滿「花旗」關閉該國外匯帳戶 
313,2016.07.11,Central and South America, 委內瑞拉,委內瑞拉上萬民眾湧入哥倫比亞搶購民生物資 
314,2016.07.07,Central and South America, 巴西,巴西代總統：「里約奧運」維安及「茲卡」風險無虞 
315,2016.07.06,Central and South America, 智利,智利總統推動高等教育免費方案 
316,2016.07.04,Central and South America, 委內瑞拉,委內瑞拉2015年石油收入大減4成 
317,2016.07.01,Central and South America, 阿根廷,阿根廷前總統費南德茲涉貪，法官下令搜索多處房產 
318,2016.06.30,Central and South America, 瓜地馬拉,瓜地馬拉長期乾旱導致數十萬人面臨飢荒 
319,2016.06.29,Central and South America, 巴西,巴西員警機場高舉「歡迎光臨地獄」抗議欠薪 
320,2016.06.28,Central and South America, 哥倫比亞,哥倫比亞軍用直升機墜毀，17人喪生 
321,2016.06.27,Central and South America, 巴拿馬,巴拿馬運河拓寬啟用，陸貨輪率先通行 
322,2016.06.24,Central and South America, 委內瑞拉,美洲國家組織：馬杜洛為委國人道危機罪魁禍首 
323,2016.06.23,Central and South America, 哥倫比亞,哥倫比亞政府與FARC叛軍達成停火協議 
324,2016.06.22,Central and South America, 委內瑞拉,委內瑞拉缺糧暴動不斷，美將派特使協助朝野對話 
325,2016.06.21,Central and South America, 委內瑞拉,槍手闖入委內瑞拉央行後遭擊斃 
326,2016.06.20,Central and South America, 墨西哥,墨西哥教師抗議演變為警民衝突，導致6人死亡 
327,2016.06.17,Central and South America, 巴西,巴西泰梅爾政府，第3位部長請辭下台 
328,2016.06.16,Central and South America, 海地,臨時總統任期屆滿，海地恐陷入權力真空 
329,2016.06.16,Central and South America, 巴西,巴西代理總統捲入巴西國營石油公司賄賂醜聞 
330,2016.06.15,Central and South America, 巴西,世衛：巴西奧運散播茲卡病毒的風險極低 
331,2016.06.14,Central and South America, 委內瑞拉,委內瑞拉總統訴請最高法院駁回罷免公投提案 
332,2016.06.13,Central and South America, 委內瑞拉,委內瑞拉總統：今年不會舉行罷免公投 
333,2016.06.13,Central and South America, 祕魯,祕魯總統候選人藤森惠子承認敗選 
334,2016.06.08,Central and South America, 祕魯,祕魯總統大選勝負難分，決勝海外選民 
335,2016.06.06,Central and South America, 祕魯,祕魯總統大選出口民調：2位候選人難分軒輊 
336,2016.06.06,Central and South America, 古巴,古巴總統：不會重回「美洲國家組織」 
337,2016.06.04,Central and South America, 祕魯,秘魯將舉行總統大選第2輪投票，候選人民調差距甚微 
338,2016.06.03,Central and South America, 委內瑞拉,委國選舉委員會延後與反對黨召開會議 
339,2016.06.01,Central and South America, 委內瑞拉,「美洲國家組織」呼籲就委內瑞拉民主危機召開緊急會議 
340,2016.05.31,Central and South America, 巴西,巴西臨時政府又一部長請辭 
341,2016.05.30,Central and South America, 巴西,茲卡病毒肆虐，WHO拒絕延後巴西奧運或改變場地 
342,2016.05.27,Central and South America, 智利,智利學生上街要求教改，爆發警民衝突 
343,2016.05.26,Central and South America, 巴西,"巴西國會批准高達1,705億元公共財政赤字 "
344,2016.05.25,Central and South America, 古巴,古巴將允許私人中小企業合法化 
345,2016.05.24,Central and South America, 巴西,巴西企劃部長捲入醜聞，宣布暫離職務 
346,2016.05.23,Central and South America, 委內瑞拉,委內瑞拉經濟陷入混亂，通膨率飆升至720% 
347,2016.05.20,Central and South America, 阿根廷,阿根廷國會通過「反裁員法」 
348,2016.05.20,Central and South America, 委內瑞拉,委內瑞拉最高法院裁定緊急狀態令合憲 
349,2016.05.18,Central and South America, 巴西,巴西財長提名新任央行總裁，盼挽回投資人信心 
350,2016.05.18,Central and South America, 墨西哥,墨西哥總統提議修憲將同性婚姻合法化 
351,2016.05.17,Central and South America, 哥倫比亞,哥倫比亞政府與叛軍就釋放童兵達成協議 
352,2016.05.17,Central and South America, 多明尼加,多明尼加大選，現任總統梅迪納自行宣布當選 
353,2016.05.16,Central and South America, 委內瑞拉,委內瑞拉總統宣布緊急狀態延長60天，在野黨強烈抨擊 
354,2016.05.16,Central and South America, 多明尼加,多明尼加大選，現任總統有望首輪勝出 
355,2016.05.13,Central and South America, 巴西,巴西參議院通過彈劾案，總統羅賽芙遭停職 
356,2016.05.12,Central and South America, 巴西,巴西參議院將表決是否彈劾總統羅賽芙 
357,2016.05.11,Central and South America, 巴拿馬,「巴拿馬文件」資料庫正式上線 
358,2016.05.05,Central and South America, 巴西,巴西總統遭參院委員會報告人建議彈劾 
359,2016.05.04,Central and South America, 巴西,巴西展開「里約奧運」聖火傳遞活動 
360,2016.05.03,Central and South America, 委內瑞拉,委內瑞拉反對派擬發動公投罷免總統 
361,2016.05.02,Central and South America, 委內瑞拉,對抗缺電問題，委內瑞拉時間調快半小時 
362,2016.04.29,Central and South America, 巴拿馬,中華民國海軍敦睦遠航支隊在巴拿馬舉辦歡迎酒會 
363,2016.04.28,Central and South America, 宏都拉斯,臺灣向宏都拉斯捐贈「茲卡」防疫設備 
364,2016.04.28,Central and South America, 哥倫比亞,「臺灣文化嘉年華」在哥倫比亞圓滿落幕 
365,2016.04.27,Central and South America, 巴西,巴西：今年「茲卡」疑似病例逾9萬起 
366,2016.04.27,Central and South America, 瓜地馬拉,臺灣向瓜國副總統辦公室捐贈電腦 
367,2016.04.25,Central and South America, 薩爾瓦多,中華民國海軍敦睦支隊訪問薩爾瓦多 
368,2016.04.22,Central and South America, 厄瓜多,籌災後重建資金，厄瓜多課徵富人稅 
369,2016.04.22,Central and South America, 墨西哥,墨西哥總統提案將藥用大麻合法化 
370,2016.04.21,Central and South America, 墨西哥,墨西哥石化工廠爆炸，3死百餘人受傷 
371,2016.04.21,Central and South America, 薩爾瓦多,打擊犯罪集團，薩爾瓦多部署特種部隊 
372,2016.04.20,Central and South America, 厄瓜多,厄瓜多強震，國際救援湧入災區 
373,2016.04.19,Central and South America, 瓜地馬拉,瓜地馬拉前總統被控收受船務公司賄款 
374,2016.04.19,Central and South America, 巴西,巴西眾議院通過總統彈劾案 
375,2016.04.18,Central and South America, 厄瓜多爾,厄瓜多7.8強震，至少272死 
376,2016.04.15,Central and South America, 阿根廷,捲入洗錢案，阿根廷前總統聲稱遭政治迫害 
377,2016.04.15,Central and South America, 哥倫比亞,哥倫比亞出現首起茲卡病毒引發之小頭症病例 
378,2016.04.14,Central and South America, 巴拿馬,對洩密律師事務所提告，巴拿馬檢方：沒有證據 
379,2016.04.13,Central and South America, 巴西,支持彈劾羅賽芙，巴西進步黨退出執政聯盟 
380,2016.04.12,Central and South America, 巴西,巴西眾議院特別審查委員會通過總統彈劾案，啟動彈劾程序 
381,2016.04.12,Central and South America, 委內瑞拉,委內瑞拉最高法院裁定特赦案違憲 
382,2016.04.11,Central and South America, 祕魯,出口民調：祕魯總統大選首輪投票，藤森慶子勝出 
383,2016.04.11,Central and South America, 薩爾瓦多,「莫薩克馮賽卡」薩爾瓦多辦公室遭搜索 
384,2016.04.08,Central and South America, 委內瑞拉,委內瑞拉總統揚言修憲，縮短國會任期 
385,2016.04.08,Central and South America, 墨西哥,憂川普反墨言論，墨西哥政府指派新任駐美大使 
386,2016.04.07,Central and South America, 巴拿馬,巴拿馬文件風暴：巴拿馬政府宣布設立獨立委員會 
387,2016.04.06,Central and South America, 多明尼加,駐多明尼加區美珍命案，多國警方宣布偵破 
388,2016.04.06,Central and South America, 巴拿馬,「巴拿馬文件」曝光，事務所創辦人：遭駭客入侵 
389,2016.04.01,Central and South America, 阿根廷,14年償債糾紛終落幕，阿根廷將重返國際資本市場 
390,2016.04.01,Central and South America, 巴西,巴西奧運開幕倒數，負責維安的三軍統帥突請辭 
391,2016.03.31,Central and South America, 委內瑞拉,委內瑞拉國會通過政治犯特赦法案，總統揚言否決 
392,2016.03.31,Central and South America, 哥倫比亞,哥倫比亞第二大叛軍組織宣布將與政府展開和談 
393,2016.03.30,Central and South America, 巴西,巴西最大黨宣布退出執政聯盟 
394,2016.03.29,Central and South America, 巴西,巴西聯合政府面臨解體危機 
395,2016.03.29,Central and South America, 古巴,古巴前領導人卡斯楚：不需要美國施捨 
396,2016.03.28,Central and South America, 玻利維亞,不滿智利用水不付費，玻利維亞揚言向國際法院提告 
397,2016.03.25,Central and South America, 巴拿馬,世衛組織：巴拿馬出現與茲卡病毒有關之小頭症病例 
398,2016.03.25,Central and South America, 阿根廷,歐巴馬向阿根廷獨裁時代受難者致敬 
399,2016.03.24,Central and South America, 哥倫比亞,哥倫比亞政府與革命軍和談未果 
400,2016.03.24,Central and South America, 阿根廷,歐巴馬允諾公開阿根廷政變時期之機密文件 
401,2016.03.23,Central and South America, 巴西,巴西總統：彈劾舉動形同政變 
402,2016.03.23,Central and South America, 古巴,美國總統歐巴馬對古巴民眾發表演說 
403,2016.03.22,Central and South America, 巴西,巴西財長宣布措施以填補預算缺口 
404,2016.03.22,Central and South America, 古巴,歐巴馬與古巴總統展開歷史性會談 
405,2016.03.21,Central and South America, 古巴,歐巴馬抵達古巴展開歷史性訪問 
406,2016.03.18,Central and South America, 智利,智利眾議院通過有條件開放墮胎 
407,2016.03.18,Central and South America, 巴西,巴西法官下令中止前總統魯拉入閣 
408,2016.03.17,Central and South America, 阿根廷,阿根廷眾議院通過與債權人達成之和解協議 
409,2016.03.17,Central and South America, 巴西,巴西前總統魯拉將入閣擔任幕僚長 
410,2016.03.16,Central and South America, 阿根廷,中國大陸漁船在阿根廷海域非法作業，遭海警隊擊沉 
411,2016.03.15,Central and South America, 巴西,巴西前總統魯拉可能出任部長職位 
412,2016.03.14,Central and South America, 古巴,歐盟與古巴簽署協議，推動關係正常化 
413,2016.03.10,Central and South America, 秘魯,秘魯選舉委員會禁止兩位候選人參與總統大選 
414,2016.03.09,Central and South America, 薩爾瓦多,犯罪率創新高，薩爾瓦多可能宣布緊急狀態 
415,2016.03.07,Central and South America, 牙買加,牙買加新總理宣誓上任 
416,2016.03.03,Central and South America, 巴西,巴西水壩潰堤災難，薩瑪爾戈公司同意支付44億里拉賠償金 
417,2016.03.03,Central and South America, 墨西哥,墨西哥大毒梟要求引渡美國受審 
418,2016.03.01,Central and South America, 哥倫比亞,涉嫌設立私人行刑隊，哥倫比亞前總統胞弟遭警方逮捕 
419,2016.03.01,Central and South America, 阿根廷,阿根廷和國際債權人達成償債協議 
420,2016.02.26,Central and South America, 巴西,「世衛」秘書長：「茲卡」疫情恐有擴散之虞 
421,2016.02.26,Central and South America, 牙買加,牙買加舉行國會大選 
422,2016.02.24,Central and South America, 玻利維亞,修憲公投失利，玻利維亞總統連任無望 
423,2016.02.23,Central and South America, 祕魯,祕魯油管漏油，汙染亞馬遜河流域 
424,2016.02.22,Central and South America, 玻利維亞,出口民調：玻利維亞公投未過關 
425,2016.02.15,Central and South America, 墨西哥,教宗方濟各訪墨西哥，呼籲提供人民「真正的正義」 
426,2016.02.15,Central and South America, 古巴,天主教及東正教展開歷史性會晤 
427,2016.02.15,Central and South America, 海地,海地國會選出臨時總統 
428,2016.02.05,Central and South America, 哥倫比亞,歐巴馬承諾將資助哥倫比亞推動和平進程 
429,2016.02.04,Central and South America, 烏拉圭,「茲卡」疫情延燒，南美衛生部長緊急會商 
430,2016.02.02,Central and South America, 巴西,巴西：茲卡疫情不影響夏季奧運會的舉行 
431,2016.02.02,Central and South America, 古巴,睽違20載，古巴領導人首度訪歐 
432,2016.01.26,Central and South America, 哥倫比亞,聯合國同意設立代表團赴哥倫比亞監督停火 
433,2016.01.25,Central and South America, 海地,海地選委會宣布總統決選無限期延後 
434,2016.01.22,Central and South America, 海地,海地週日如期舉行總統決選 
435,2016.01.20,Central and South America, 宏都拉斯,宏都拉斯同意接受國際協助以徹底整頓司法 
436,2016.01.19,Central and South America, 巴西,巴西財長：巴西應削減財政支出 
437,2016.01.19,Central and South America, 巴西,拉美茲卡病毒恐導致新生兒小腦症，美國發布旅遊警告 
438,2016.01.18,Central and South America, 委內瑞拉,委內瑞拉總統宣布全國進入經濟緊急狀態 
439,2016.01.14,Central and South America, 瓜地馬拉,瓜地馬拉涉貪前足協主席遭警方逮捕 
440,2016.01.12,Central and South America, 墨西哥,墨西哥展開大毒梟引渡美國作業 
441,2016.01.11,Central and South America, 宏都拉斯,宏都拉斯強烈譴責北韓試爆氫彈 
442,2016.01.11,Central and South America, 瓜地馬拉,中美洲3國元首將與拜登商討區域發展 
443,2016.01.06,Central and South America, 巴西,巴西爆發「茲卡病毒」，政府籲暫勿懷孕 
444,2016.01.05,Central and South America, 委內瑞拉,委內瑞拉反對派陣營選出新國會議長 
445,2016.01.04,Central and South America, 墨西哥,墨西哥女市長上任1天即遭槍殺 
446,2015.12.30,Central and South America, 巴西,巴西茲卡病毒疫情緩步上升 
447,2015.12.28,Central and South America, 阿根廷,阿根廷新總統推自由市場改革整頓經濟 
448,2015.12.25,Central and South America, 阿根廷,阿根廷東北部發生洪災，上千人被迫撤離 
449,2015.12.24,Central and South America, 委內瑞拉,委內瑞拉舊國會出「奧步」，搶先批准最高法院法官任命案 
450,2015.12.24,Central and South America, 墨西哥,墨西哥央行總裁：墨國可望維持低通膨環境 
451,2015.12.22,Central and South America, 薩爾瓦多,宏都拉斯總統接任「中美洲統合體」輪值主席 
452,2015.12.17,Central and South America, 巴西,巴西工會人士遊行，聲援總統羅賽芙 
453,2016.11.25,Europe, 比利時,歐洲議會通過暫停土耳其入歐談判 
454,2016.11.25,Europe, 烏克蘭,烏克蘭公民可望免簽進入歐洲申根國家 
455,2016.11.24,Europe, 德國,川普稱將退出TPP，德國總理對此表示不悅 
456,2016.11.24,Europe, 英國,殺害英國女議員，凶嫌被判終身監禁 
457,2016.11.23,Europe, 德國,受機師罷工影響，德國漢莎航空取消近900航班 
458,2016.11.22,Europe, 梵蒂岡,教宗方濟各賦予神父赦免墮胎的權力 
459,2016.11.22,Europe, 俄羅斯,俄羅斯國防部指控烏克蘭非法扣押俄國軍人 
460,2016.11.21,Europe, 德國,德國總理梅克爾宣布尋求連任 
461,2016.11.21,Europe, 法國,沙柯吉初選落敗，無緣競選法國總統 
462,2016.11.18,Europe, 英國,英國脫歐公投後面臨大批東歐勞工湧入 
463,2016.11.18,Europe, 德國,是否競選連任，德國總理仍持保留態度 
464,2016.11.17,Europe, 比利時,歐盟擬向免簽旅客收取5歐元安檢費 
465,2016.11.17,Europe, 法國,法國難民保護局：難民尋求庇護速度趨緩 
466,2016.11.16,Europe, 摩爾多瓦,親俄候選人當選摩爾多瓦總統 
467,2016.11.16,Europe, 俄羅斯,俄國航母對敘利亞展開首波攻擊 
468,2016.11.15,Europe, 俄羅斯,普亭與川普就敘利亞危機及恐怖主義交換意見 
469,2016.11.15,Europe, 德國,德國執政聯盟共推現任外長角逐總統寶座 
470,2016.11.14,Europe, 保加利亞,保加利亞總理宣布請辭 
471,2016.11.14,Europe, 俄羅斯,俄聯邦安全局破獲恐攻計畫，逮捕10人 
472,2016.11.11,Europe, 比利時,未來走向不明，歐盟邀川普共商對策 
473,2016.11.11,Europe, 德國,德國近六成民眾支持梅克爾爭取連任 
474,2016.11.10,Europe, 德國,川普當選美國總統，德英籲持續合作關係 
475,2016.11.10,Europe, 俄羅斯,俄國稱將與美國「全面恢復關係」 
476,2016.11.09,Europe, 俄羅斯,莫斯科：美外交官未來不得觀察俄國選舉 
477,2016.11.09,Europe, 德國,德國警方逮捕5名伊斯蘭國重要成員 
478,2016.11.08,Europe, 比利時,因應俄軍威脅，北約擬讓更多部隊提高警戒狀態 
479,2016.11.08,Europe, 英國,英首相籲國會不要阻撓「脫歐」 
480,2016.11.07,Europe, 梵蒂岡,教宗為千名囚犯舉行特別彌撒 
481,2016.11.07,Europe, 德國,因應「伊斯蘭國」滲透，德擬強制對新兵安全調查 
482,2016.11.04,Europe, 比利時,巴黎氣候協定今正式生效 
483,2016.11.04,Europe, 英國,英國高等法院：啟動脫歐需國會表決同意 
484,2016.11.03,Europe, 法國,法國當局將滯留加萊「叢林」難民營孩童全數撤出 
485,2016.11.03,Europe, 比利時,比利時移民部長拒發難民簽證遭罰 
486,2016.11.02,Europe, 俄羅斯,俄羅斯知名異議份子控訴獄警虐待 
487,2016.11.02,Europe, 保加利亞,保加利亞警方查獲千萬歐元偽鈔 
488,2016.11.01,Europe, 英國,英國情報首長：俄羅斯對英國威脅日增 
489,2016.11.01,Europe, 義大利,"義大利規模6.6強震導致1萬5,000人無家可歸 "
490,2016.10.31,Europe, 比利時,歐盟與加拿大正式簽署全面貿易協定 
491,2016.10.31,Europe, 義大利,義大利中部出現3個月來第4次強震 
492,2016.10.28,Europe, 比利時,曾為IS性奴隸之亞茲迪少女獲頒歐盟「沙卡洛夫人權獎」 
493,2016.10.28,Europe, 比利時,比利時終於點頭，歐加自貿協定突破僵局 
494,2016.10.27,Europe, 俄羅斯,俄羅斯否認要求讓航母在西班牙港口加油 
495,2016.10.27,Europe, 義大利,義大利中部連續發生規模5.5和6.1強震 
496,2016.10.26,Europe, 挪威,挪威明年將試行開放逾300名美軍進駐 
497,2016.10.26,Europe, 比利時,歐盟邊境管制擬延長3個月 
498,2016.10.25,Europe, 德國,德國證實35名持土耳其外交護照人士申請庇護 
499,2016.10.25,Europe, 波蘭,波蘭國會擬修法限制墮胎，各大城市婦女串聯抗議 
500,2016.10.24,Europe, 西班牙,西班牙反對黨讓步，西班牙有望組成少數政府 
501,2016.10.24,Europe, 法國,法國將拆除「叢林」難民營 
502,2016.10.21,Europe, 俄羅斯,俄羅斯：阿勒坡人道停火將延長24小時 
503,2016.10.20,Europe, 比利時,比利時法語區反對，歐加自貿協定卡關 
504,2016.10.20,Europe, 英國,英相梅伊出席歐盟峰會，將爭取各國支持平順的脫歐過程 
505,2016.10.19,Europe, 比利時,伊拉克若收復摩蘇爾，歐盟：大批戰士恐湧入歐洲 
506,2016.10.19,Europe, 俄羅斯,俄羅斯航母編隊駛入北海，將前往敘利亞 
507,2016.10.18,Europe, 奧地利,奧地利政府決定拆除希特勒出生公寓 
508,2016.10.18,Europe, 義大利,挺義大利總理，歐盟暫不對義預算案表示意見 
509,2016.10.17,Europe, 蒙特內哥羅,蒙特內哥羅大選，執政黨料將獲勝 
510,2016.10.17,Europe, 英國,英國國會要求對梅伊的脫歐策略進行投票 
511,2016.10.14,Europe, 比利時,歐洲理事會主席：英國只能選「硬脫歐」或「不脫歐」 
512,2016.10.14,Europe, 德國,德國憲法法院支持歐加自由貿易協定 
513,2016.10.13,Europe, 委內瑞拉,德國恐攻嫌犯落網後在獄中輕生 
514,2016.10.12,Europe, 法國,法俄因敘利亞問題生齟齬，俄羅斯總統取消訪法 
515,2016.10.12,Europe, 義大利,義大利奧委會正式退出申辦2024年奧運 
516,2016.10.11,Europe, 法國,不滿俄羅斯否決提案，法總統暗示俄有可能面臨戰爭罪 
517,2016.10.07,Europe, 德國,「德銀」將再裁千名德國員工 
518,2016.10.07,Europe, 波蘭,波蘭禁墮胎法案遭國會否決 
519,2016.10.06,Europe, 比利時,布魯塞爾2名警察遭人持刀攻擊 
520,2016.10.06,Europe, 英國,英相梅伊矢言打造更公平的社會 
521,2016.10.05,Europe, 法國,歐洲議會批准巴黎氣候協定 
522,2016.10.05,Europe, 俄羅斯,俄羅斯運送飛彈系統至敘利亞 
523,2016.10.04,Europe, 俄羅斯,俄羅斯中止美俄銷毀鈽協議 
524,2016.10.04,Europe, 愛沙尼亞,愛沙尼亞選出首位女性總統 
525,2016.10.03,Europe, 英國,英相梅伊：明年3月前展開脫歐談判程序 
526,2016.10.03,Europe, 匈牙利,匈牙利就「歐盟」難民配額計畫展開公投 
527,2016.09.30,Europe, 德國,歐盟執委會稱德國道路收費系統歧視外國駕駛 
528,2016.09.30,Europe, 德國,大型避險基金傳撤資，德銀股價重挫 
529,2016.09.29,Europe, 俄羅斯,馬航MH17客機遭擊落，飛彈疑來自俄國 
530,2016.09.29,Europe, 西班牙,西班牙「社會勞工黨」17名高層提出辭呈 
531,2016.09.26,Europe, 奧地利,歐洲領袖召開峰會，討論難民問題 
532,2016.09.26,Europe, 匈牙利,布達佩斯市中心發生炸彈爆炸，2名員警受傷 
533,2016.09.23,Europe, 法國,爭取明年總統大位，法國「共和黨」提名初選開跑 
534,2016.09.23,Europe, 比利時,友台歐洲議員支持台灣參與ICAO大會 
535,2016.09.22,Europe, 法國,堵移民偷渡赴英，法國加萊築牆防範 
536,2016.09.22,Europe, 俄羅斯,俄國唯一航空母艦擬進駐地中海 
537,2016.09.21,Europe, 希臘,"希臘難民營發生大火，約5,000移民被迫撤離 "
538,2016.09.21,Europe, 比利時,比利時近萬人上街抗議「跨大西洋貿易及投資夥伴協定」 
539,2016.09.20,Europe, 德國,德國柏林邦議會選舉：反移民政黨再下一城 
540,2016.09.20,Europe, 俄羅斯,俄國下院選舉結果出爐，執政黨囊括過半席次 
541,2016.09.19,Europe, 俄羅斯,俄國下議院大選出口民調：執政黨拿下近5成政黨票 
542,2016.09.19,Europe, 比利時,「歐洲理事會」主席：英國擬明年初啟動「脫歐」程序 
543,2016.09.14,Europe, 盧森堡,不滿匈牙利難民政策，盧森堡外長籲逐出「歐盟」 
544,2016.09.14,Europe, 德國,疑似接觸「伊斯蘭國」，3難民在德國遭逮 
545,2016.09.13,Europe, 克羅埃西亞,克羅埃西亞保守派勝選，可望組織聯合政府 
546,2016.09.13,Europe, 西班牙,數十萬加泰隆尼亞民眾上街爭取「脫西」 
547,2016.09.12,Europe, 法國,策畫恐怖攻擊，15歲少年在巴黎落網 
548,2016.09.12,Europe, 西班牙,數千人在馬德里參與反鬥牛遊行 
549,2016.09.10,Europe, 西班牙,西班牙火車出軌意外，至少4人死亡 
550,2016.09.10,Europe, 法國,巴黎3女疑策畫恐怖攻擊，遭警方逮捕 
551,2016.09.09,Europe, 法國,法國山區纜車故障，45人受困白朗峰 
552,2016.09.09,Europe, 挪威,挪威暫停北極石油開採計畫 
553,2016.09.08,Europe, 法國,英國將出資在法國加萊蓋4尺高牆擋移民 
554,2016.09.08,Europe, 丹麥,查國民逃漏稅，丹麥政府將斥資百萬買巴拿馬文件 
555,2016.09.07,Europe, 法國,巴黎10月中將開設首座難民營 
556,2016.09.07,Europe, 英國,英國伊斯蘭教士煽動他人加入ISIS遭判刑5年半 
557,2016.09.06,Europe, 德國,地方選舉敗給反移民政黨，梅克爾難民政策受質疑 
558,2016.09.06,Europe, 法國,法國加萊民眾要求全面拆除「叢林」難民營 
559,2016.09.05,Europe, 德國,德執政黨地方選舉敗給極右派政黨 
560,2016.09.05,Europe, 梵蒂岡,教宗方濟各封德勒莎修女為聖人 
561,2016.09.02,Europe, 法國,法國學童開學日，校園維安上緊發條 
562,2016.09.01,Europe, 西班牙,西班牙政府持續難產，恐一年內三度舉行大選 
563,2016.09.01,Europe, 希臘,土耳其警力撤出希臘，土歐難民協議形同停擺 
564,2016.08.31,Europe, 法國,法經濟部長請辭，為角逐下屆總統鋪路 
565,2016.08.31,Europe, 法國,法外貿部長要求終止TTIP談判 
566,2016.08.30,Europe, 德國,"德國境內近9,000名難民孩童失蹤 "
567,2016.08.30,Europe, 義大利,"義大利海巡隊在利比亞外海救起6,500名移民 "
568,2016.08.29,Europe, 德國,德國去年收容難民不及原宣稱的百萬人 
569,2016.08.29,Europe, 法國,巴黎餐廳拒絕服務穆斯林婦女 
570,2016.08.26,Europe, 義大利,義大利宣布重災區進入緊急狀態 
571,2016.08.26,Europe, 比利時,比利時運動中心發生爆炸，一死四傷 
572,2016.08.25,Europe, 義大利,義大利強震至少160死，搜救人員徹夜搜尋生還者 
573,2016.08.25,Europe, 法國,恐攻頻傳，巴黎觀光客銳減百萬人 
574,2016.08.24,Europe, 法國,法國潛艦機密大量外洩，驚動多國 
575,2016.08.24,Europe, 義大利,義大利中部發生規模6.2強震 
576,2016.08.23,Europe, 德國,防緊急狀況，德國內政部籲民眾存糧儲水 
577,2016.08.23,Europe, 義大利,德義法領袖齊聚文托泰內島，共商「歐盟」未來 
578,2016.08.22,Europe, 法國,法國華人社區上街抗議，要求當局加強維安 
579,2016.08.22,Europe, 奧地利,「歐盟」執委會主席：須滿足所有條件才會給予土國免簽 
580,2016.08.19,Europe, 俄羅斯,俄羅斯提議敘利亞停火48小時，以運送人道救援物資 
581,2016.08.19,Europe, 烏克蘭,烏克蘭3士兵遭親俄叛軍殺害，烏國總統揚言實施戒嚴 
582,2016.08.18,Europe, 德國,德機密報告指土耳其支持恐怖組織，惹惱土國 
583,2016.08.18,Europe, 法國,法國南部火車撞樹，數十人輕重傷 
584,2016.08.17,Europe, 俄羅斯,俄戰機利用伊朗基地對敘發動空襲，美國表示遺憾 
585,2016.08.17,Europe, 奧地利,奧地利火車60歲男子持刀砍傷2名青少年 
586,2016.08.16,Europe, 德國,德國外長籲俄烏繼續對話，遵守明斯克協議 
587,2016.08.15,Europe, 英國,英國脫歐可能延至2019年末 
588,2016.08.15,Europe, 瑞典,瑞典最年輕部長為酒駕請辭 
589,2016.08.12,Europe, 烏克蘭,遭俄國指控入侵克里米亞，烏克蘭總統下令進入備戰狀態 
590,2016.08.12,Europe, 德國,德國內政部長提出新安全措施 
591,2016.08.11,Europe, 法國,法國南部野火肆虐，數百人撤離家園 
592,2016.08.10,Europe, 英國,英國首相梅伊與俄羅斯總統進行電話會談 
593,2016.08.10,Europe, 德國,德國警方逮捕1涉嫌計畫恐攻的敘利亞難民 
594,2016.08.09,Europe, 德國,德國與沙烏地阿拉伯合作調查恐攻 
595,2016.08.09,Europe, 英國,英國鐵路公司員工展開罷工 
596,2016.08.08,Europe, 比利時,比利時2名女警遭砍傷，「伊斯蘭國」承認犯行 
597,2016.08.05,Europe, 奧地利,奧地利總理：應中止土耳其入歐談判 
598,2016.08.05,Europe, 英國,英國央行宣布降息1碼 
599,2016.08.04,Europe, 英國,倫敦傳持刀砍人事件，釀1死5傷 
600,2016.08.04,Europe, 瑞士,"「國際移民組織」：今年逾4,000名移民死亡或失蹤 "
601,2016.08.03,Europe, 西班牙,西班牙代理總理：西班牙將可能面臨第3次大選 
602,2016.08.03,Europe, 法國,法國各地以安全為由取消夏季活動 
603,2016.08.02,Europe, ,教宗方濟各：不能將伊斯蘭教與暴力相提並論 
604,2016.08.02,Europe, 英國,英國首相暫緩中國大陸投資的核電廠計劃 
605,2016.08.01,Europe, 比利時,比利時兄弟檔涉嫌策劃恐攻遭逮捕，1起訴1獲釋 
606,2016.08.01,Europe, 法國,法國教堂恐攻案：警方再度逮捕2名嫌犯 
607,2016.07.29,Europe, 西班牙,西班牙國王指派代理總理籌組新政府 
608,2016.07.29,Europe, 挪威,祝賀芬蘭獨立百年，挪威擬贈山峰1座 
609,2016.07.28,Europe, 法國,防堵恐攻後續效應，法總統邀集宗教領袖磋商 
610,2016.07.28,Europe, 俄羅斯,俄奧委會：逾250名選手獲准參與本屆奧運 
611,2016.07.27,Europe, 法國,法國教堂遭恐攻，歐蘭德矢言打擊「伊斯蘭國」 
612,2016.07.27,Europe, 比利時,「歐盟」：愛沙尼亞提早半年接任輪值主席國 
613,2016.07.26,Europe, 比利時,「歐盟」：德國連串攻擊事件與難民危機有關 
614,2016.07.26,Europe, 德國,德國安斯巴赫炸彈客曾宣誓效忠「伊斯蘭國」 
615,2016.07.25,Europe, 德國,德國1週內已傳4起攻擊事件 
616,2016.07.25,Europe, 德國,德國檢方：慕尼黑槍擊案應無政治動機 
617,2016.07.22,Europe, 比利時,「歐盟」籲土耳其遵守法治及人權 
618,2016.07.22,Europe, 法國,法國逮捕尼斯卡車恐攻5名共犯 
619,2016.07.21,Europe, 荷蘭,「歐洲警政署」：歐陸面臨「孤狼式」恐攻風險 
620,2016.07.21,Europe, 德國,德國接受英國延後「脫歐」之決定 
621,2016.07.20,Europe, 德國,「伊斯蘭國」：德火車砍人案為旗下「聖戰士」所為 
622,2016.07.20,Europe, 英國,英政府律師：今年無啟動「脫歐」程序之規劃 
623,2016.07.19,Europe, 德國,德國火車持斧砍人事件，5人受傷 
624,2016.07.18,Europe, 法國,法國尼斯卡車攻擊事件已有7嫌落網 
625,2016.07.18,Europe, 英國,蘇格蘭不排除最快明年再辦「脫英」公投 
626,2016.07.15,Europe, 法國,法國尼斯國慶遇恐攻，至少75死 
627,2016.07.15,Europe, 英國,英國脫歐大將強生任外相，歐洲政壇難以接受 
628,2016.07.14,Europe, 盧森堡,穆斯林女性戴頭巾遭開除，歐盟法院裁定違法 
629,2016.07.14,Europe, 英國,英相梅伊指派前倫敦市長強生為外相 
630,2016.07.14,Europe, 義大利,義大利火車對撞意外，至少20死 
631,2016.07.14,Europe, 英國,英國工黨重選黨魁，柯賓將重披戰袍 
632,2016.07.12,Europe, 荷蘭,國際仲裁庭將宣布南海仲裁案結果，各方矚目 
633,2016.07.12,Europe, 義大利,IMF警告：義大利恐陷20年衰退 
634,2016.07.12,Europe, 英國,英內政大臣梅伊將入主唐寧街 
635,2016.07.11,Europe, 英國,英首相選舉成雙姝對決 
636,2016.07.11,Europe, 德國,梅克爾促新任英相盡速啟動脫歐程序 
637,2016.07.07,Europe, 英國,英鎊暴跌，法國取代英國成全球第5大經濟體 
638,2016.07.07,Europe, 英國,英伊戰調查報告出爐，布萊爾稱願負全責 
639,2016.07.06,Europe, 匈牙利,匈牙利10月公投決定是否接受「歐盟」難民配額　 
640,2016.07.06,Europe, 德國,德國各邦要求中央撥款助難民融入社會 
641,2016.07.05,Europe, 英國,英脫歐大將法拉吉辭「獨立黨」黨魁 
642,2016.07.05,Europe, 比利時,北約「華沙峰會」聚焦三大議題 
643,2016.07.04,Europe, 英國,IMF總裁拉加德：英國脫歐有助「歐盟」改革 
644,2016.07.04,Europe, 英國,倫敦萬人大遊行，反對英國脫歐 
645,2016.07.01,Europe, 英國,脫歐大將強森棄選首相，英國內政大臣呼聲高 
646,2016.07.01,Europe, 比利時,歐盟：英國全面脫歐後，才能開始貿易談判 
647,2016.06.30,Europe, 荷蘭,南海仲裁案結果將於下月出爐 
648,2016.06.29,Europe, 比利時,歐洲議會呼籲英國盡快啟動脫歐程序 
649,2016.06.29,Europe, 英國,蘇格蘭首席大臣親赴「歐盟」展開外交遊說 
650,2016.06.28,Europe, 德國,英國啟動第50條前，「歐盟」拒展開非正式協商 
651,2016.06.28,Europe, 英國,英國脫歐影響持續發酵，全球股市哀鴻遍野 
652,2016.06.27,Europe, 西班牙,西班牙國會大選，「人民黨」勝出 
653,2016.06.27,Europe, 英國,IMF總裁促「歐盟」與英國盡速對英國脫歐問題採取行動 
654,2016.06.27,Europe, 冰島,冰島選出20年來首位新總統 
655,2016.06.24,Europe, 英國,英國脫歐公投：脫歐派勝出、英鎊重貶 
656,2016.06.24,Europe, 法國,數千名法國人走上巴黎街頭，抗議勞動改革法案 
657,2016.06.23,Europe, 比利時,「歐盟」反對改變南海現狀，促維護南海航行自由 
658,2016.06.23,Europe, 英國,英國今天舉行脫歐公投，金融市場嚴陣以待 
659,2016.06.22,Europe, 比利時,「歐盟」擬延長對俄經濟制裁 
660,2016.06.21,Europe, 比利時,布魯塞爾市中心商場疑似發現爆裂物 
661,2016.06.21,Europe, 英國,「歐盟」各國領袖溫情喊話，盼英國選擇「留歐」 
662,2016.06.20,Europe, 英國,英國23日脫歐公投在即，留歐派聲勢上揚 
663,2016.06.20,Europe, 義大利,羅馬選出首位女市長 
664,2016.06.17,Europe, 克羅埃西亞,克羅埃西亞國會通過對總理的不信任案 
665,2016.06.17,Europe, 英國,「脫歐」公投在即，英國「工黨」議員遇害 
666,2016.06.16,Europe, 法國,警官遇刺身亡，法國放寬槍枝規定 
667,2016.06.16,Europe, 德國,德國重申不允許一夫多妻的立場 
668,2016.06.15,Europe, 比利時,「歐盟」駐土耳其代表請辭 
669,2016.06.15,Europe, 法國,法國民眾上街抗議勞動改革法案，爆發警民衝突 
670,2016.06.14,Europe, 比利時,「歐洲理事會」主席：英國「脫歐」恐造成西方政治文明瓦解 
671,2016.06.14,Europe, 法國,法國警官住家遇害，「伊斯蘭國」承認犯行 
672,2016.06.13,Europe, 英國,英相卡麥隆：「脫歐」將有損英國經濟 
673,2016.06.08,Europe, 英國,英國「脫歐」公投在即，民調顯示疑歐派人數增加 
674,2016.06.08,Europe, 比利時,「歐盟」推出新救助方案以減緩移民潮 
675,2016.06.07,Europe, 法國,法國洪災肆虐，總理宣布成立緊急基金 
676,2016.06.07,Europe, 波蘭,「北約」在波蘭舉行大規模聯合軍演 
677,2016.06.06,Europe, 英國,英國非洲事務大臣：「脫歐」有助英非關係 
678,2016.06.06,Europe, 比利時,比利時發生火車追撞意外，釀至少3死 
679,2016.06.06,Europe, 瑞士,瑞士民眾公投否決「無條件基本收入」提案 
680,2016.06.04,Europe, 希臘,難民船在地中海翻覆，數百人仍下落不明 
681,2016.06.04,Europe, 法國,巴黎塞納河水位暴漲，旅遊景點相繼關閉 
682,2016.06.04,Europe, 比利時,德法籲「歐盟」建立防務同盟 
683,2016.06.03,Europe, 英國,德國總理籲英國續留「歐盟」 
684,2016.06.03,Europe, 法國,法國召開會議尋求調停以巴衝突 
685,2016.06.02,Europe, 法國,巴黎市長宣布將興建難民營 
686,2016.06.02,Europe, 瑞士,瑞士啟用全球最長鐵路隧道 
687,2016.06.01,Europe, 法國,法國工會再度上街抗議勞改法案 
688,2016.06.01,Europe, 英國,英民調：「脫歐」支持度較「留歐」多出4% 
689,2016.05.31,Europe, 希臘,希臘海巡隊救起29名移民 
690,2016.05.30,Europe, 法國,凡爾登戰役100週年，法德領袖並肩獻花圈 
691,2016.05.27,Europe, 英國,英國首相：將派遣船艦至地中海打擊走私 
692,2016.05.25,Europe, 希臘,希臘著手安置數千名滯留邊境難民 
693,2016.05.24,Europe, 奧地利,親歐獨立候選人范德貝倫當選奧地利總統 
694,2016.05.23,Europe, 土耳其,土耳其新總理呼籲推行總統制 
695,2016.05.23,Europe, 希臘,希臘通過新撙節法案，大批民眾走上街頭抗議 
696,2016.05.20,Europe, 丹麥,「茲卡」恐因天氣轉熱傳入歐洲 
697,2016.05.20,Europe, 法國,維護重大賽事安全，法國延長緊急狀態 
698,2016.05.19,Europe, 瑞士,憂心「黃熱病」疫情，「世衛」召開緊急會議 
699,2016.05.19,Europe, 法國,反勞改抗議不斷，法國警方發起「反仇恨警察」示威 
700,2016.05.18,Europe, 荷蘭,歐洲難民危機：人蛇集團去年獲利逾50億美元 
701,2016.05.18,Europe, 法國,法國政府拒絕撤銷勞改法案 
702,2016.05.17,Europe, 英國,英國情報單位啟用「推特」帳號 
703,2016.05.17,Europe, 法國,遏止性騷案，法國政府擬延長追訴時效 
704,2016.05.16,Europe, 德國,德國擬提撥近千億歐元因應難民危機 
705,2016.05.16,Europe, 法國,世界最大郵輪赴英準備展開處女航 
706,2016.05.13,Europe, 波蘭,美國將在波蘭興建飛彈防禦系統 
707,2016.05.13,Europe, 瑞士,「茲卡」肆虐，「世衛」籲孕婦避免出席「里約奧運」 
708,2016.05.12,Europe, 羅馬尼亞,美飛彈防禦系統在羅馬尼亞正式啟用 
709,2016.05.12,Europe, 德國,德國展開冷戰後首次擴軍行動 
710,2016.05.11,Europe, 俄羅斯,歐美大國下週商討敘利亞危機 
711,2016.05.10,Europe, 俄羅斯,紀念二戰勝利71週年，俄國舉行盛大閱兵 
712,2016.05.09,Europe, 希臘,希臘國會為求紓困金，表決通過年金稅改案 
713,2016.05.09,Europe, 英國,英國地方選舉，蘇格蘭民族黨勝選 
714,2016.05.05,Europe, 英國,英國迎接「超級星期四」選舉日 
715,2016.05.05,Europe, 比利時,「歐盟」提議改革庇護制度，拒收難民恐受罰 
716,2016.05.04,Europe, 西班牙,西班牙國王解散國會，6月再次大選 
717,2016.05.04,Europe, 德國,煽動種族仇恨，德國反伊斯蘭組織領袖被判處罰金 
718,2016.05.04,Europe, 比利時,綠色和平：歐盟可能為追求美歐自貿協定而犧牲環保與公衛標準 
719,2016.05.03,Europe, 比利時,歐盟擬給予土耳其申根區免簽通行權 
720,2016.05.03,Europe, 瑞士,美國國務卿：敘利亞內戰已失控 
721,2016.05.02,Europe, 法國,反勞動法修法，法國示威遊行爆發警民衝突 
722,2016.04.29,Europe, 奧地利,潘基文批歐洲對難民政策施加重重限制 
723,2016.04.28,Europe, 奧地利,奧地利國會通過新庇護法案，嚴格限制移民入境 
724,2016.04.27,Europe, 西班牙,西班牙新政府難產，6月重新舉行國會大選 
725,2016.04.26,Europe, 德國,德國移民局：北非移民人數銳減 
726,2016.04.25,Europe, 塞爾維亞,塞爾維亞國會選舉結果出爐，親歐派大勝 
727,2016.04.25,Europe, 德國,民調：德國人對TTIP支持率僅17% 
728,2016.04.22,Europe, 英國,歐巴馬訪問英國，呼籲英國續留歐盟 
729,2016.04.22,Europe, 荷蘭,土耳其要求荷蘭僑民回報辱土言論，引發荷蘭不滿 
730,2016.04.21,Europe, 瑞士,地中海難民船翻覆，聯合國：恐500人罹難 
731,2016.04.21,Europe, 德國,德國請求比利時暫時關閉2座核反應爐遭拒 
732,2016.04.20,Europe, 義大利,義大利提議發行歐盟移民債券遭德國反對 
733,2016.04.20,Europe, 德國,涉嫌煽動種族仇恨，德國反移民Pegida創辦人出庭受審 
734,2016.04.19,Europe, 俄羅斯,俄烏總統通電，商討俄兵與女飛官換囚 
735,2016.04.19,Europe, 義大利,地中海再傳難民船翻覆，數百人恐溺斃 
736,2016.04.18,Europe, 比利時,布魯塞爾數千人參加反恐大遊行 
737,2016.04.18,Europe, 希臘,教宗訪希臘，帶回12名敘利亞難民 
738,2016.04.15,Europe, 德國,德國將制定首部移民融入法 
739,2016.04.15,Europe, 烏克蘭,烏克蘭國會議長接任總理 
740,2016.04.14,Europe, 俄羅斯,美軍：俄「蘇愷」戰機多次低空飛掠美艦 
741,2016.04.13,Europe, 德國,G20高峰會本週末登場，德國財長將呼籲結束低利率政策 
742,2016.04.13,Europe, 奧地利,加強奧義邊界管制，奧地利建管制區 
743,2016.04.12,Europe, 法國,法國政府將提供5億歐元補助，盼澆熄學生怒火 
744,2016.04.12,Europe, 比利時,歐盟考慮取消美國免簽待遇 
745,2016.04.11,Europe, 烏克蘭,烏克蘭總理請辭，為穩定政局鋪路 
746,2016.04.11,Europe, 比利時,布魯塞爾恐攻份子原先的目標是再度攻擊巴黎 
747,2016.04.08,Europe, 希臘,希臘展開第二波遣返移民行動 
748,2016.04.08,Europe, 英國,英國首相坦承曾持有境外基金股份 
749,2016.04.08,Europe, 比利時,歐盟執委會擬成立難民庇護中央系統 
750,2016.04.07,Europe, 荷蘭,荷蘭諮詢性公投否決「歐盟」與烏克蘭協定 
751,2016.04.07,Europe, 比利時,布魯塞爾恐攻嫌犯曾在歐洲議會擔任清潔工 
752,2016.04.07,Europe, 冰島,冰島「進步黨」副黨魁接任總理一職 
753,2016.04.06,Europe, 希臘,教宗方濟各擬於下週前往希臘探望難民 
754,2016.04.06,Europe, 冰島,「巴拿馬文件」曝光，冰島總理請辭 
755,2016.04.01,Europe, 比利時,「歐盟」擬於下週遣返500名移民 
756,2016.04.01,Europe, 比利時,比利時將把巴黎恐攻嫌犯引渡至法國 
757,2016.03.31,Europe, 法國,法國總統宣布取消修憲計畫 
758,2016.03.30,Europe, 德國,「空巴」德國國防電子事業出售案獲德國政府批准 
759,2016.03.30,Europe, 英國,英國央行：脫歐公投恐影響金融穩定 
760,2016.03.30,Europe, 荷蘭,布魯塞爾恐攻前，FBI曾向荷蘭發出警告 
761,2016.03.29,Europe, 英國,慈善組織：富裕國家應收容更多敘利亞難民 
762,2016.03.29,Europe, 比利時,比利時釋放布魯塞爾恐攻嫌疑犯 
763,2016.03.28,Europe, 義大利,義大利逮捕涉嫌參與巴黎、比京恐攻之嫌犯 
764,2016.03.28,Europe, 教廷,教宗呼籲以愛對抗恐怖主義 
765,2016.03.25,Europe, 比利時,比利時警方發動地毯式搜索，逮捕6名嫌犯 
766,2016.03.24,Europe, 奧地利,布魯塞爾恐攻後，奧地利加強安全措施 
767,2016.03.23,Europe, 比利時,布魯塞爾機場遭恐怖攻擊，自殺炸彈客為兄弟檔 
768,2016.03.23,Europe, 俄羅斯,烏克蘭女飛官遭俄羅斯法院判處22年徒刑 
769,2016.03.22,Europe, 比利時,布魯塞爾機場與地鐵站接連發生爆炸，至少11死30傷 
770,2016.03.22,Europe, 英國,英國工商業聯合會：脫歐將使英國蒙受龐大經濟損失 
771,2016.03.22,Europe, 法國,巴黎恐攻案主嫌落網，法總統會見受害者團體 
772,2016.03.21,Europe, 希臘,歐土難民協議生效，希臘將與土耳其討論難民遣返事宜 
773,2016.03.18,Europe, 比利時,「歐盟」就難民協議草案達成共同立場 
774,2016.03.17,Europe, 比利時,推動歐土難民協議草案，歐盟領導人再開峰會 
775,2016.03.17,Europe, 德國,德法批評以色列吞併約旦河西岸土地之決定 
776,2016.03.16,Europe, 奧地利,奧地利將協助馬其頓關閉與希臘之邊界 
777,2016.03.15,Europe, 德國,無畏地方選舉慘敗，梅克爾堅持接納難民政策 
778,2016.03.15,Europe, 俄羅斯,普亭下令俄軍撤離敘利亞 
779,2016.03.14,Europe, 德國,德國3邦地方議會選舉，考驗梅克爾難民政策 
780,2016.03.11,Europe, 德國,歐洲央行下猛藥救經濟，宣布降息、加碼QE 
781,2016.03.11,Europe, 斯洛維尼亞,斯洛維尼亞允諾4月起恢復接收難民 
782,2016.03.10,Europe, 斯洛維尼亞,阻難民入西歐，斯洛維尼亞推邊管新制 
783,2016.03.09,Europe, 瑞士,「世衛」呼籲孕婦避開茲卡病毒疫區 
784,2016.03.09,Europe, 比利時,「歐盟」與土耳其難民協議草案遭質疑 
785,2016.03.08,Europe, 比利時,土耳其與「歐盟」就難民問題達成有條件協議 
786,2016.03.08,Europe, 比利時,阻人蛇集團偷渡難民，「北約」將派艦赴愛琴海巡邏 
787,2016.03.07,Europe, 比利時,遏止難民潮，「歐盟」與土耳其召開緊急峰會 
788,2016.03.07,Europe, 奧地利,奧地利籲「歐盟」明定難民收容上限 
789,2016.03.04,Europe, 比利時,「申根區」自由通行制可望11月前恢復 
790,2016.03.04,Europe, 俄羅斯,逾7成俄人支持普亭連任總統 
791,2016.03.03,Europe, 比利時,「歐盟」：7億歐元助成員國因應移民危機 
792,2016.03.03,Europe, 法國,法國種族歧視問題呈現惡化趨勢 
793,2016.03.02,Europe, 比利時,因應難民危機，「歐盟」將提緊急應變計畫 
794,2016.03.02,Europe, 瑞士,聯合國難民署：今年抵歐難民已逾13萬人 
795,2016.03.02,Europe, 奧地利,德總理譴責邊境限制，奧國反駁稱「荒謬」 
796,2016.03.02,Europe, 俄羅斯,產量凍結獲共識，國際油價18月來首揚 
797,2016.03.01,Europe, 英國,「蘇格蘭民族黨」黨魁支持英國續留「歐盟」 
798,2016.03.01,Europe, 馬其頓,馬其頓警方以催淚彈驅離闖關移民 
799,2016.03.01,Europe, 法國,法國拆除加萊難民營，爆發警民衝突 
800,2016.02.26,Europe, 德國,德國國會決議緊縮難民庇護法規 
801,2016.02.26,Europe, 希臘,移民危機：希臘召回駐奧地利大使 
802,2016.02.25,Europe, 西班牙,西班牙兩政黨協議組閣，席次未過半恐功敗垂成 
803,2016.02.25,Europe, 匈牙利,匈牙利將就「歐盟」難民收留配額舉行公投 
804,2016.02.25,Europe, 比利時,歐洲難民危機：比利時加入邊境管制行列 
805,2016.02.24,Europe, 荷蘭,過半荷蘭民眾希望舉行「脫歐公投」 
806,2016.02.24,Europe, 荷蘭,「歐洲刑警組織」：人蛇發難民財，年賺數十億歐元 
807,2016.02.23,Europe, 馬其頓,馬其頓關閉邊境，上千難民滯留希臘 
808,2016.02.23,Europe, 荷蘭,"「歐洲警政署」：至少5,000名「聖戰士」滲透「歐盟」 "
809,2016.02.22,Europe, 德國,德國難民中心起火，旁觀者幸災樂禍 
810,2016.02.22,Europe, 英國,倫敦市長表態支持英國「脫歐」 
811,2016.02.19,Europe, 奧地利,奧地利堅持對難民收容人數設限，「歐盟」國家反彈 
812,2016.02.19,Europe, 比利時,「歐盟」峰會登場，英國留歐談判陷入膠著 
813,2016.02.19,Europe, 比利時,「歐盟」將於3月與土耳其舉行峰會討論難民問題 
814,2016.02.19,Europe, 瑞士,「無國界醫生組織」呼籲對敘利亞空襲展開獨立調查 
815,2016.02.19,Europe, 烏克蘭,烏克蘭「豬流感」至今已釀253死 
816,2016.02.18,Europe, 瑞士,抗「茲卡」疫情，WHO擬「以蚊制蚊」 
817,2016.02.17,Europe, 比利時,「歐盟」峰會在即，英國改革協議成棘手難題 
818,2016.02.17,Europe, 法國,法國國民議會通過延長緊急狀態 
819,2016.02.16,Europe, 比利時,歐洲鋼鐵工人上街抗議中國大陸傾銷 
820,2016.02.16,Europe, 白俄羅斯,「歐盟」解除對白俄羅斯之制裁 
821,2016.02.05,Europe, 俄羅斯,俄羅斯強烈敦促北韓勿發射火箭 
822,2016.02.05,Europe, 希臘,抗議退休金改革計畫，希臘出現大規模罷工 
823,2016.02.05,Europe, 西班牙,西班牙孕婦染茲卡，歐洲首例 
824,2016.02.04,Europe, 梵蒂岡,教宗讚揚中國大陸之言論招致批評 
825,2016.02.04,Europe, 比利時,"「國際記者聯盟」：25年來至少2,297名記者遇害 "
826,2016.02.04,Europe, 法國,法國擬延長國家緊急狀態 
827,2016.02.03,Europe, 梵蒂岡,教宗對中國大陸釋出善意 
828,2016.02.03,Europe, 西班牙,西班牙國王要求第二大黨籌組新政府 
829,2016.02.03,Europe, 比利時,防英脫歐，「歐盟」提四大改革方向 
830,2016.02.02,Europe, 挪威,「伊斯蘭國」受害性奴獲諾貝爾和平獎提名 
831,2016.02.02,Europe, 瑞士,WHO將「茲卡病毒」列為全球緊急公衛事件 
832,2016.02.01,Europe, 英國,為難民兒童受教權請命，馬拉拉籲全球募款助學 
833,2016.02.01,Europe, 希臘,希臘島民獲連署提名「諾貝爾和平獎」 
834,2016.01.30,Europe, 荷蘭,對抗IS，荷蘭宣布加入敘利亞空襲行動 
835,2016.01.30,Europe, 德國,德國南部難民收留中心遭扔擲手榴彈 
836,2016.01.30,Europe, 瑞士,瑞士檢方調查大馬主權基金遭盜領40億美元案件 
837,2016.01.29,Europe, 芬蘭,芬蘭擬驅離2萬名申請庇護遭拒之難民 
838,2016.01.29,Europe, 德國,抵擋難民潮，德國庇護政策緊縮 
839,2016.01.29,Europe, 法國,伊朗總統訪法簽署經濟協議 
840,2016.01.28,Europe, 法國,法國司法部長陶比拉請辭 
841,2016.01.28,Europe, 瑞典,瑞典將遣返不符庇護申請標準之移民 
842,2016.01.27,Europe, 丹麥,丹麥國會通過具爭議性的移民法案 
843,2016.01.26,Europe, 瑞士,世衛：茲卡病毒恐蔓延全美洲 
844,2016.01.26,Europe, 義大利,經濟制裁解除，伊朗總統訪問義大利 
845,2016.01.26,Europe, 瑞典,大陸釋放瑞典維權人士，瑞典關注桂民海安危 
846,2016.01.25,Europe, 英國,巴黎恐攻歹徒揚言攻擊英國 
847,2016.01.25,Europe, 匈牙利,匈牙利擬修憲限制自由，民眾上街抗議 
848,2016.01.25,Europe, 葡萄牙,葡萄牙總統大選，中間偏右派候選人當選 
849,2016.01.25,Europe, 俄羅斯,法國：對俄制裁可望今夏解除 
850,2016.01.22,Europe, 瑞士,法總理：「歐盟」恐因連串危機分崩離析 
851,2016.01.21,Europe, 美國,英國支持IMF總裁爭取連任 
852,2016.01.21,Europe, 奧地利,奧地利縮減接收庇護申請者的人數 
853,2016.01.21,Europe, 比利時,反IS聯軍將在布魯塞爾共商大計 
854,2016.01.20,Europe, 法國,法國進入經濟緊急狀態，擬斥資20億歐元救經濟 
855,2016.01.20,Europe, 俄羅斯,俄羅斯「豬流感」疫情漸趨嚴重 
856,2016.01.19,Europe, 英國,禁止川普入境英國？英國會展開辯論 
857,2016.01.19,Europe, 德國,科隆集體性騷擾案，德國警方逮捕首名嫌犯 
858,2016.01.18,Europe, 英國,英首相助穆斯林女性學英文，解決性別歧視 
859,2016.01.18,Europe, 英國,國際油價跌破30美元大關 
860,2016.01.15,Europe, 俄羅斯,俄羅斯擬向阿富汗提供軍武 
861,2016.01.14,Europe, 俄羅斯,普亭宣稱俄國研發出最有效伊波拉疫苗 
862,2016.01.14,Europe, 烏克蘭,基輔與親俄叛軍再次達成停火協議 
863,2016.01.13,Europe, 德國,梅克爾：封鎖邊境恐衝擊「歐盟單一市場」 
864,2016.01.12,Europe, 德國,科隆性侵事件影響，梅克爾聲勢下滑 
865,2016.01.11,Europe, 西班牙,加泰隆尼亞選出新主席，將繼續推動獨立 
866,2016.01.11,Europe, 波蘭,波蘭政府召見德國大使，對德方批評言論表達關切 
867,2016.01.11,Europe, 德國,德國司法部長：科隆性侵事件是「預謀」犯案 
868,2016.01.06,Europe, 德國,德國科隆跨年夜爆大規模性侵，震驚德國 
869,2016.01.05,Europe, 丹麥,丹麥加強邊界管制，遏止難民潮 
870,2016.01.05,Europe, 俄羅斯,俄新版國安戰略出爐，美首度名列威脅之一 
871,2016.01.04,Europe, 西班牙,加泰隆尼亞組閣失敗，可能再度舉行選舉 
872,2015.12.31,Europe, 德國,「聯合國」：今年循海路抵歐難民逾百萬人 
873,2015.12.31,Europe, 比利時,擔心恐攻比利時布魯塞爾決定取消跨年煙火秀 
874,2015.12.30,Europe, 波蘭,波蘭保守政府急欲通過法案，要讓公共媒體噤聲 
875,2015.12.29,Europe, 西班牙,西班牙政府提議明年最低工資調漲1% 
876,2015.12.28,Europe, 英國,英國部分地區豪雨成災，數百人被迫撤離 
877,2015.12.28,Europe, 奧地利,奧地利稱歐各大首都面臨恐攻威脅 
878,2015.12.25,Europe, 梵蒂岡,教宗主持平安夜彌撒，籲世人摒棄物質主義 
879,2015.12.25,Europe, 比利時,比利時逮捕第9名巴黎恐攻嫌犯 
880,2015.12.25,Europe, 俄羅斯,俄印簽署國防及能源協定 
881,2015.12.24,Europe, 法國,法國政府提出憲法修正案打擊恐怖主義 
882,2015.12.24,Europe, 俄羅斯,俄對敘利亞空襲造成200平民死亡 
883,2015.12.24,Europe, 俄羅斯,打擊「伊斯蘭國」，俄國與「塔利班」分享情資 
884,2015.12.24,Europe, 西班牙,西班牙「社會黨」拒絕與執政黨合組聯合政府 
885,2015.12.24,Europe, 德國,德國強制遣返來自巴爾幹半島國家的經濟移民 
886,2015.12.24,Europe, 俄羅斯,明年起赴俄簽證需線上申辦 
887,2015.12.23,Europe, 瑞士,「國際移民組織」：今年抵達歐洲的難民人數突破百萬人 
888,2015.12.22,Europe, 英國,布蘭特原油價格跌至36.04美元，創下11年新低 
889,2015.12.22,Europe, 比利時,「歐盟」對俄制裁延至明年7月 
890,2015.12.21,Europe, 西班牙,西班牙國會大選，執政黨失去多數席次 
891,2015.12.18,Europe, 法國,巴黎恐攻嫌犯曾使用加密通訊軟體 
892,2015.12.17,Europe, 法國,法國極右派領袖張貼IS殺害人質照片招致批評 
893,2015.12.17,Europe, 荷蘭,荷蘭首相呂特躲過譴責動議 
894,2015.12.17,Europe, 俄羅斯,俄羅斯推出自有信用卡系統 
895,2015.12.16,Europe, 俄羅斯,美俄同意就敘利亞問題恢復協商 
896,2015.12.16,Europe, 捷克,捷克內閣批准接受伊拉克基督徒難民 
897,2016.11.25,USA and Canada, 美國,美國綠黨募得350萬美元，將申請重新計票 
898,2016.11.24,USA and Canada, 美國,聯合國將對北韓祭出更嚴厲制裁案 
899,2016.11.24,USA and Canada, 美國,川普提名南卡州長出任駐聯合國大使 
900,2016.11.23,USA and Canada, 加拿大,加拿大：墨西哥公民下月起免簽入境 
901,2016.11.23,USA and Canada, 美國,川普譴責白人優越主義運動「另類右派」 
902,2016.11.22,USA and Canada, 美國,美國務院：年終歐洲恐攻風險有升高之虞 
903,2016.11.22,USA and Canada, 美國,川普揭櫫上任後六大優先工作 
904,2016.11.21,USA and Canada, 美國,歐巴馬促TPP成員國致力公平貿易 
905,2016.11.21,USA and Canada, 美國,美國發射歷來最先進氣象衛星GOES-R 
906,2016.11.18,USA and Canada, 美國,美復甦力道強勁，葉倫：升息時機近了 
907,2016.11.18,USA and Canada, 美國,美媒：川普延攬前國防情報局長出任國安顧問 
908,2016.11.17,USA and Canada, 美國,憂川普對俄立場軟化，美眾議院先發制人 
909,2016.11.15,USA and Canada, 美國,歐巴馬：川普會信守北約承諾 
910,2016.11.14,USA and Canada, 美國,川普公布兩項重要人事任命 
911,2016.11.14,USA and Canada, 美國,川普接受專訪稱：上任後將驅逐300萬非法移民 
912,2016.11.11,USA and Canada, 美國,歐巴馬邀請川普至白宮商討交接事宜 
913,2016.11.11,USA and Canada, 美國,全美各大城市出現反川普示威遊行 
914,2016.11.10,USA and Canada, 美國,川普入主白宮，副手彭斯將扮演溝通橋樑 
915,2016.11.10,USA and Canada, 美國,柯琳頓敗選感言，籲民眾以開放心胸接納川普 
916,2016.11.09,USA and Canada, 美國,川普選舉人票大幅領先，柯琳頓陣營暫未承認敗選 
917,2016.11.09,USA and Canada, 加拿大,恐暴露於伊波拉病毒環境，加拿大實驗室研究員已隔離觀察 
918,2016.11.08,USA and Canada, 美國,選前最後民調：柯琳頓有九成機會當選 
919,2016.11.08,USA and Canada, 美國,美國第一位女性司法部長辭世 
920,2016.11.07,USA and Canada, 美國,FBI：柯琳頓電郵案查無犯罪證據，維持不起訴建議 
921,2016.11.07,USA and Canada, 美國,憂柯琳頓勝選實施槍枝管制，美國槍枝銷售大增 
922,2016.11.04,USA and Canada, 美國,白宮：TPP未過，美國對日出口拱手讓陸 
923,2016.11.04,USA and Canada, 美國,美國總統大選選情陷入膠著 
924,2016.11.03,USA and Canada, 美國,聯準會維持利率不變，暗示12月將升息 
925,2016.11.03,USA and Canada, 美國,最新民調：柯琳頓領先川普6個百分點 
926,2016.11.02,USA and Canada, 美國,柯琳頓陣營要求FBI公布川普與俄羅斯的關係 
927,2016.11.02,USA and Canada, 美國,川普民調領先柯琳頓，金融市場陷入不安 
928,2016.11.01,USA and Canada, 美國,白宮：不會捍衛或批評FBI重啟柯琳頓電郵案的決定 
929,2016.11.01,USA and Canada, 加拿大,加拿大：2017年移民名額為30萬人 
930,2016.10.31,USA and Canada, 美國,FBI選前重啟電郵案調查，民主黨：此舉恐已違法 
931,2016.10.31,USA and Canada, 美國,美國最新民調：柯琳頓與川普平分秋色，投票率成關鍵 
932,2016.10.28,USA and Canada, 美國,白宮：歐巴馬總統為98名囚犯減刑 
933,2016.10.26,USA and Canada, 加拿大,寂寞星球：加拿大獲選為2017年最佳旅遊地 
934,2016.10.26,USA and Canada, 美國,美國民調：多數人看好柯琳頓當選，對計票公正性有信心 
935,2016.10.25,USA and Canada, 加拿大,加拿大：CETA結果必須等歐洲做出決定 
936,2016.10.25,USA and Canada, 美國,「歐記健保」2017年保費將調漲25% 
937,2016.10.24,USA and Canada, 美國,美國最新民調：柯琳頓領先川普12個百分點 
938,2016.10.24,USA and Canada, 美國,南加州觀光巴士撞上卡車，13死31傷 
939,2016.10.21,USA and Canada, 美國,川普：假如是我贏得大選，就會接受選舉結果 
940,2016.10.21,USA and Canada, 美國,菲總統要與美國「分道揚鑣」，美國務院：令人不解 
941,2016.10.20,USA and Canada, 美國,美國展開第三輪總統候選人電視辯論 
942,2016.10.20,USA and Canada, 美國,阿富汗聯軍基地遭攻擊，美籍人士2死3傷 
943,2016.10.19,USA and Canada, 美國,美國要求伊朗釋放被判刑的美國公民 
944,2016.10.18,USA and Canada, 美國,美國防部長支持伊拉克解放摩蘇爾之行動 
945,2016.10.18,USA and Canada, 美國,聯合國宣布葉門將停火72小時 
946,2016.10.17,USA and Canada, 美國,美國強烈譴責北韓試射飛彈 
947,2016.10.17,USA and Canada, 美國,北卡州共和黨辦公室遭縱火 
948,2016.10.14,USA and Canada, 美國,美國歌手巴布狄倫獲頒諾貝爾文學獎 
949,2016.10.14,USA and Canada, 美國,聯合國正式任命古特瑞斯擔任秘書長 
950,2016.10.13,USA and Canada, 美國,美國國務卿凱瑞將與俄羅斯等國談判敘利亞問題 
951,2016.10.13,USA and Canada, 美國,美國防部：「伊斯蘭國」以無人機發動攻擊 
952,2016.10.12,USA and Canada, 美國,歐巴馬呼籲「共和黨」停止支持川普選總統 
953,2016.10.12,USA and Canada, 美國,颶風馬修造成美國北卡州洪水氾濫 
954,2016.10.11,USA and Canada, 美國,美眾議院議長萊恩表示不再為川普辯護 
955,2016.10.11,USA and Canada, 美國,美國展開第二輪總統候選人電視辯論 
956,2016.10.07,USA and Canada, 加拿大,加拿大國會批准「巴黎氣候協定」 
957,2016.10.06,USA and Canada, 美國,「巴黎氣候協定」跨過門檻，將於30天內生效 
958,2016.10.06,USA and Canada, 美國,美陸軍參謀長：美軍有能力擊垮所有潛在對手 
959,2016.10.05,USA and Canada, 美國,美海軍軍令部長：維護南海「航行自由」立場不變 
960,2016.10.05,USA and Canada, 美國,提高企業所有權透明度，G20財金首長將討論資訊共享 
961,2016.10.04,USA and Canada, 美國,美國：不再與俄國就敘利亞停火事宜進行磋商 
962,2016.10.04,USA and Canada, 美國,美國籲哥倫比亞政府與叛軍保持對話 
963,2016.10.03,USA and Canada, 美國,美國退出網路監管，網路進入全球共治時代 
964,2016.10.03,USA and Canada, 美國,美防長重申：新政府續推「亞洲再平衡」政策 
965,2016.09.30,USA and Canada, 美國,避免政府無法運作，美國會通過臨時開支法案 
966,2016.09.30,USA and Canada, 美國,五角大廈：過去1月空襲殲滅18名IS高層 
967,2016.09.29,USA and Canada, 美國,美防長：加派600名美軍赴伊拉克協助訓練 
968,2016.09.29,USA and Canada, 美國,美國參議院推翻歐巴馬否決JASTA法案之決定 
969,2016.09.26,USA and Canada, 美國,歐巴馬否決911罹難者家屬可告沙國法案 
970,2016.09.23,USA and Canada, 美國,「雅虎」證實5億用戶資料遭駭 
971,2016.09.23,USA and Canada, 美國,美警槍殺手無寸鐵非裔牧師 
972,2016.09.22,USA and Canada, 美國,川普揚言退出巴黎氣候協定，遭近400名科學家聯名抨擊 
973,2016.09.22,USA and Canada, 美國,「富國銀行」涉盜開帳戶，美參議員要求執行長下台 
974,2016.09.21,USA and Canada, 美國,歐巴馬：50國承諾接收36萬名難民 
975,2016.09.21,USA and Canada, 美國,聯合國救援車隊遭空襲，美國：俄羅斯應負責 
976,2016.09.20,USA and Canada, 美國,第71屆聯合國大會於紐約揭開序幕 
977,2016.09.20,USA and Canada, 美國,紐約爆炸案嫌犯與警方交火後落網 
978,2016.09.19,USA and Canada, 美國,美國紐約發生爆炸事件，29人受傷 
979,2016.09.19,USA and Canada, 美國,美國明尼蘇達發生持刀砍人事件，調查局不排除為恐攻 
980,2016.09.14,USA and Canada, 美國,柯琳頓靜養期間，歐巴馬代打助選 
981,2016.09.14,USA and Canada, 美國,美俄外長協議聯手空襲「伊斯蘭國」，美國防部不以為然 
982,2016.09.13,USA and Canada, 美國,柯琳頓健康狀況引疑慮，將公布健康報告釋疑 
983,2016.09.13,USA and Canada, 美國,美國佛羅里達清真寺遭人縱火 
984,2016.09.12,USA and Canada, 美國,歐巴馬紀念911：「美國人絕不屈服於恐懼」 
985,2016.09.12,USA and Canada, 美國,柯琳頓911紀念活動暈眩離場 
986,2016.09.09,USA and Canada, 美國,白宮任命空軍退役准將出任美國首位聯邦資安長 
987,2016.09.09,USA and Canada, 美國,美國當局呼籲搭機旅客勿在機上使用三星Note 7手機 
988,2016.09.08,USA and Canada, 美國,川普：若當選，將大幅擴編美軍經費 
989,2016.09.08,USA and Canada, 美國,歐巴馬與杜特蒂在「東協」峰會晚宴短暫互動 
990,2016.09.07,USA and Canada, 美國,"歐巴馬承諾撥款9,000萬美元協助寮國清除未爆彈 "
991,2016.09.07,USA and Canada, 美國,美韓領袖峰會，歐巴馬承諾對北韓加強制裁 
992,2016.09.06,USA and Canada, 美國,歐巴馬抵達寮國進行歷史性訪問 
993,2016.09.06,USA and Canada, 美國,白宮取消歐巴馬與菲律賓總統的會面 
994,2016.09.05,USA and Canada, 美國,歐巴馬與土國總統會面，盼修補兩國關係 
995,2016.09.05,USA and Canada, 美國,美國奧克拉荷馬州發生規模5.6地震 
996,2016.09.02,USA and Canada, 美國,俄羅斯造橋連結克里米亞，美國擴大制裁名單 
997,2016.09.02,USA and Canada, 美國,歐巴馬亞洲行首訪中途島，盼世人重視氣候變遷議題 
998,2016.09.01,USA and Canada, 美國,相隔逾半世紀，美國首架直航班機飛抵古巴 
999,2016.09.01,USA and Canada, 美國,川普與墨西哥總統會面，避談邊界牆費用誰買單 
1000,2016.08.31,USA and Canada, 美國,美國：孕婦應避免前往新加坡 
1001,2016.08.30,USA and Canada, 美國,歐巴馬9月4日將與土耳其總統舉行會談 
1002,2016.08.30,USA and Canada, 加拿大,加拿大總理前往中國大陸訪問 
1003,2016.08.29,USA and Canada, 美國,聯準會主席：升息機率增強 
1004,2016.08.29,USA and Canada, 美國,川普稱將開發追蹤系統，協助當局控管移民 
1005,2016.08.26,USA and Canada, 美國,美國防部：伊朗船艦4度在波斯灣逼近美艦 
1006,2016.08.26,USA and Canada, 美國,白宮譴責敘利亞政府使用化學武器 
1007,2016.08.25,USA and Canada, 美國,北韓發射潛射彈道飛彈，安理會對此召開緊急會議 
1008,2016.08.25,USA and Canada, 加拿大,加拿大皇家騎警允許女警包頭巾 
1009,2016.08.24,USA and Canada, 美國,茲卡病毒擴散，美佛州新增5起茲卡病例 
1010,2016.08.24,USA and Canada, 美國,歐巴馬赴路州探視洪水災區 
1011,2016.08.23,USA and Canada, 美國,"FBI發現柯琳頓近1萬5,000封未公布電郵 "
1012,2016.08.23,USA and Canada, 美國,美軍將首度在美國本土外部署新型戰機「F35B」 
1013,2016.08.22,USA and Canada, 美國,邁阿密海灘出現茲卡個案，美籲孕婦勿前往該地 
1014,2016.08.22,USA and Canada, 美國,「共和黨」總統候選人川普似放軟移民問題立場 
1015,2016.08.19,USA and Canada, 美國,美國司法部稱將逐步淘汰私營監獄 
1016,2016.08.19,USA and Canada, 美國,美證實支付伊朗4億美元，作為確保人質獲釋的籌碼 
1017,2016.08.18,USA and Canada, 美國,美國南加州驚傳大火，當局撤離逾8萬名居民 
1018,2016.08.17,USA and Canada, 美國,美國紐約市共有49名孕婦感染茲卡病毒 
1019,2016.08.17,USA and Canada, 美國,美國路易斯安那州大雨成災，釀至少11死 
1020,2016.08.16,USA and Canada, 美國,「共和黨」總統候選人川普公布其反恐計畫 
1021,2016.08.16,USA and Canada, 美國,美國將15名關灣囚犯移監阿聯 
1022,2016.08.15,USA and Canada, 美國,美國2名穆斯林遭槍擊身亡 
1023,2016.08.15,USA and Canada, 美國,威州非裔男子遭警方擊斃，引發民眾上街抗議 
1024,2016.08.12,USA and Canada, 美國,「聯合國安理會」開會討論克里米亞緊張局勢 
1025,2016.08.12,USA and Canada, 加拿大,加拿大警方擊斃1名「伊斯蘭國」支持者 
1026,2016.08.11,USA and Canada, 美國,美軍已在敘伊兩國殲滅逾4萬「伊斯蘭國」戰士 
1027,2016.08.11,USA and Canada, 美國,THAAD風波延燒，「聯合國」暫不發譴責北韓聲明 
1028,2016.08.10,USA and Canada, 美國,宣揚槍枝管制，全美將同步舉行百場演唱會 
1029,2016.08.10,USA and Canada, 美國,美「共和黨」反川普人士宣布參選總統 
1030,2016.08.09,USA and Canada, 美國,美國務院籲北京釋放遭關押之律師及人權運動者 
1031,2016.08.09,USA and Canada, 美國,駐外使節遭譏，美召菲外交官赴國務院說明 
1032,2016.08.08,USA and Canada, 美國,美國建議「聯合國」在南蘇丹派駐維和部隊 
1033,2016.08.05,USA and Canada, 美國,美國務院：支持台灣有意義參與「國際民航組織」 
1034,2016.08.05,USA and Canada, 美國,美國加州北部連5震，最強達4.5級 
1035,2016.08.04,USA and Canada, 美國,美執法人員首例：華府捷運警察被控向IS提供物資 
1036,2016.08.04,USA and Canada, 美國,美國麻州通過「薪資平等法」，開啟男女同工同酬新頁 
1037,2016.08.03,USA and Canada, 美國,新加坡總理訪美，籲美國會儘速通過TPP 
1038,2016.08.02,USA and Canada, ,美國邁阿密傳出14起本土「茲卡」病例 
1039,2016.08.02,USA and Canada, 美國,美國德州新法允許學生攜槍進入校園 
1040,2016.08.01,USA and Canada, 美國,美國兩黨總統候選人民調各有領先 
1041,2016.07.29,USA and Canada, 美國,美兩黨總統候選人將聽取情治簡報 
1042,2016.07.29,USA and Canada, 美國,FBI局長警告：IS一旦遭擊敗，大批恐怖份子恐流亡西方 
1043,2016.07.28,USA and Canada, 美國,歐巴馬力挺柯琳頓：下任總統最佳人選 
1044,2016.07.28,USA and Canada, 美國,川普對俄公開喊話：找出柯琳頓消失的電郵 
1045,2016.07.27,USA and Canada, 美國,柯琳頓獲提名，成為美國史上首位女性總統候選人 
1046,2016.07.27,USA and Canada, 美國,美「民主黨」高層電郵遭駭，矛頭指向俄羅斯 
1047,2016.07.26,USA and Canada, 美國,桑德斯現身「民主黨」全代會，力挺柯琳頓 
1048,2016.07.26,USA and Canada, 美國,蜜雪兒出席「民主黨」全代會，感性演說打動全場 
1049,2016.07.25,USA and Canada, 美國,「維基解密」公布電郵，桑德斯疑遭「民主黨」打壓 
1050,2016.07.25,USA and Canada, 美國,柯琳頓公布副手人選為維州參議員凱恩 
1051,2016.07.22,USA and Canada, 美國,佛州警方打傷手無寸鐵的非裔治療師 
1052,2016.07.22,USA and Canada, 美國,川普承諾打造「更安全」的美國 
1053,2016.07.21,USA and Canada, 美國,克魯茲演說未挺川普，籲黨員「依良心」投票 
1054,2016.07.21,USA and Canada, 美國,川普稱當選後將放棄防衛「北約」盟國之責 
1055,2016.07.20,USA and Canada, 美國,美「共和黨」正式提名川普為總統候選人 
1056,2016.07.19,USA and Canada, 美國,奧蘭多夜店槍手曾因穆斯林身分遭譏 
1057,2016.07.18,USA and Canada, 美國,美媒最新民調：柯琳頓依然領先川普5個百分點 
1058,2016.07.18,USA and Canada, 美國,美國路州又傳殺警案，歐巴馬嚴厲譴責 
1059,2016.07.15,USA and Canada, 美國,歐巴馬致電恭賀梅伊出任英相 
1060,2016.07.15,USA and Canada, 美國,歐巴馬譴責尼斯恐攻，承諾協助法國調查 
1061,2016.07.14,USA and Canada, 美國,最新民調：川普在關鍵搖擺州贏過柯琳頓 
1062,2016.07.13,USA and Canada, 美國,桑德斯為柯琳頓站台，力挺柯入主白宮 
1063,2016.07.12,USA and Canada, 美國,美國將增兵560人助伊拉克對抗IS 
1064,2016.07.11,USA and Canada, 美國,美國務院將重啟柯琳頓「電郵門」案內部調查 
1065,2016.07.07,USA and Canada, 美國,戴秉國華府談南海，北京態度轉趨強硬 
1066,2016.07.07,USA and Canada, 美國,電郵案偵察終結，美國司法部不起訴柯琳頓 
1067,2016.07.06,USA and Canada, 美國,柯琳頓「電郵門」事件，FBI建議不起訴 
1068,2016.07.06,USA and Canada, 美國,歐巴馬首次為柯琳頓站台 
1069,2016.07.05,USA and Canada, 美國,美媒最新民調，柯琳頓僅領先川普6% 
1070,2016.07.05,USA and Canada, 加拿大,加國總理：身分證性別欄擬增「中性」選項 
1071,2016.07.01,USA and Canada, 美國,歐巴馬擬與俄羅斯聯手打擊敘利亞恐怖份子 
1072,2016.07.01,USA and Canada, 美國,美國軍方取消對跨性別人士的服役禁令 
1073,2016.06.30,USA and Canada, 加拿大,歐巴馬：英國脫歐或對全球經濟造成長期影響 
1074,2016.06.29,USA and Canada, 美國,伊斯坦堡機場遭恐攻，美方強烈譴責 
1075,2016.06.29,USA and Canada, 美國,美國眾議院公布班加西攻擊事件報告 
1076,2016.06.28,USA and Canada, 美國,美國國務院：俄國騷擾美方外交官的情況增加 
1077,2016.06.28,USA and Canada, 美國,美國最高法院推翻德州對墮胎之限制 
1078,2016.06.27,USA and Canada, 美國,美國軍方可望解除跨性別人士服役禁令 
1079,2016.06.27,USA and Canada, 美國,美國西維吉尼亞州百年洪災，造成至少24人罹難 
1080,2016.06.24,USA and Canada, 美國,「民主黨」眾議員結束占領議場，矢言續推槍管法案 
1081,2016.06.24,USA and Canada, 美國,美國最高法院阻擋歐巴馬保證非法移民之行政命令 
1082,2016.06.23,USA and Canada, 美國,美國籲中國大陸於南海仲裁出爐後切勿挑釁 
1083,2016.06.23,USA and Canada, 美國,要求表決槍管法案，美「民主黨」眾議員占領議場 
1084,2016.06.22,USA and Canada, 美國,美聯準會：英國「脫歐」將對經濟造成重大影響 
1085,2016.06.22,USA and Canada, 美國,美國強烈譴責北韓試射飛彈之舉 
1086,2016.06.21,USA and Canada, 美國,美國參議院否決4項槍枝管制法案 
1087,2016.06.21,USA and Canada, 美國,試圖奪警槍射殺川普，英國男子遭起訴 
1088,2016.06.20,USA and Canada, 美國,美國西南部遭熱浪侵襲，各地紛紛傳出森林大火 
1089,2016.06.20,USA and Canada, 加拿大,加拿大參議院通過安樂死法案 
1090,2016.06.17,USA and Canada, 美國,桑德斯：願與柯琳頓合作以徹底打敗川普 
1091,2016.06.17,USA and Canada, 加拿大,致力男女平權，加拿大下議院通過國歌內容微調 
1092,2016.06.16,USA and Canada, 美國,歐巴馬第4度在白宮接見達賴喇嘛 
1093,2016.06.15,USA and Canada, 美國,美駐「聯合國」副大使籲各國保護LGBT 
1094,2016.06.15,USA and Canada, 美國,美國「民主黨」總統初選最終戰，柯琳頓獲勝 
1095,2016.06.14,USA and Canada, 美國,奧蘭多夜店槍擊案：歐巴馬稱暫查無外力指使 
1096,2016.06.13,USA and Canada, 美國,美國奧蘭多夜店驚傳槍擊案，共50死53傷 
1097,2016.06.08,USA and Canada, 美國,五角大廈：美偵察機在東海遭中國戰機「高速」攔截 
1098,2016.06.08,USA and Canada, 美國,美國總統提名戰最後一哩，柯琳頓可望出線 
1099,2016.06.06,USA and Canada, 美國,美國務卿：中國一旦設南海「防空識別區」恐破壞區域穩定 
1100,2016.06.04,USA and Canada, 美國,拳王阿里逝世，享壽74歲 
1101,2016.06.04,USA and Canada, 美國,「天安門事件」滿27週年，美國務院籲北京尊重人權 
1102,2016.06.03,USA and Canada, 美國,歐巴馬籲美國會通過「聯合國海洋法公約」 
1103,2016.06.02,USA and Canada, 美國,「安理會」發表聲明譴責北韓試射飛彈 
1104,2016.06.02,USA and Canada, 美國,美方再度邀請中國參與「環太平洋軍演」 
1105,2016.06.01,USA and Canada, 美國,美民調：川普支持度直追柯琳頓 
1106,2016.05.31,USA and Canada, 美國,美軍「電磁炮」研發幾近完成階段 
1107,2016.05.30,USA and Canada, 美國,美國NASA成功搭設首座充氣式太空艙 
1108,2016.05.27,USA and Canada, 美國,黨代表票達到門檻，川普宣布贏得「共和黨」初選 
1109,2016.05.27,USA and Canada, 加拿大,抵制恐怖組織擄人作法，加國盼G7嚴正反對「交錢放人」 
1110,2016.05.26,USA and Canada, 美國,美法律用語禁用「東方人」及「黑人」等歧視性字眼 
1111,2016.05.25,USA and Canada, 美國,推動以巴復談，美國務卿6月出席巴黎會議 
1112,2016.05.25,USA and Canada, 美國,美民調：柯琳頓較受亞裔選民青睞 
1113,2016.05.24,USA and Canada, 美國,歐巴馬籲「和平解決」南海爭端 
1114,2016.05.24,USA and Canada, 美國,美中將在夏威夷召開「海上軍事安全磋商機制」 
1115,2016.05.23,USA and Canada, 美國,美軍接收最新型匿蹤驅逐艦「宋瓦特號」 
1116,2016.05.20,USA and Canada, 美國,美國國際貿易委員會：TPP將對美國經濟產生溫和刺激效應 
1117,2016.05.20,USA and Canada, 美國,美國防部：中國大陸戰機在南海攔截美偵察機 
1118,2016.05.19,USA and Canada, 美國,美商務部將中國大陸冷軋扁鋼進口稅提高至522% 
1119,2016.05.19,USA and Canada, 美國,世界愛滋病大會，穆斯林國家要求禁止LGBT團體與會 
1120,2016.05.18,USA and Canada, 美國,柯琳頓再拿下肯塔基州，幾乎篤定獲民主黨總統提名 
1121,2016.05.18,USA and Canada, 美國,美參議院通過911法案，允許受難家屬控告沙國政府 
1122,2016.05.17,USA and Canada, 加拿大,加拿大推出跨性別者保護法案 
1123,2016.05.16,USA and Canada, 美國,美國防部報告譴責北京在南海之行徑 
1124,2016.05.16,USA and Canada, 加拿大,加國亞伯達省野火肆虐，當地政府推出APP提供災民正確消息 
1125,2016.05.13,USA and Canada, 美國,傳可能參選南韓總統，潘基文月底日韓行受矚目 
1126,2016.05.12,USA and Canada, 美國,禁穆斯林入境美國，川普：倫敦市長例外 
1127,2016.05.11,USA and Canada, 加拿大,加拿大野火肆虐，總理婉謝各國援助 
1128,2016.05.11,USA and Canada, 美國,民主黨西維吉尼亞州初選，桑德斯獲勝 
1129,2016.05.10,USA and Canada, 美國,歧視同志與跨性別法案引發美司法部與北卡州互告 
1130,2016.05.09,USA and Canada, 美國,川普政策大轉彎，贊成提高富人稅和最低工資 
1131,2016.05.09,USA and Canada, 加拿大,加拿大中部野火肆虐，兩成住家遭燒毀 
1132,2016.05.06,USA and Canada, 美國,美共和黨準總統候選人川普支持英國脫歐 
1133,2016.05.05,USA and Canada, 加拿大,白宮：歐巴馬6月29日將在加拿大國會發表演說 
1134,2016.05.05,USA and Canada, 美國,凱西克宣布退選，「共和黨」總統參選人剩川普一人 
1135,2016.05.04,USA and Canada, 加拿大,加拿大中部森林大火，數萬人被迫撤離家園 
1136,2016.05.04,USA and Canada, 美國,印州初選關鍵一役慘敗，克魯茲宣布退選 
1137,2016.05.03,USA and Canada, 美國,忌憚大陸潛艦頻入印度洋，美印商討合作反潛 
1138,2016.05.02,USA and Canada, 美國,睽違半世紀，美國郵輪「美麗號」首航古巴 
1139,2016.05.02,USA and Canada, 美國,川普重砲抨擊中國大陸對美國貿易順差 
1140,2016.04.29,USA and Canada, 美國,選情不樂觀，桑德斯裁撤數百名工作人員 
1141,2016.04.29,USA and Canada, 美國,美國第1季經濟成長減至0.5%，創2年新低 
1142,2016.04.28,USA and Canada, 美國,川普發表外交政策演說，強調「美國優先」 
1143,2016.04.28,USA and Canada, 美國,美聯準會維持利率不變，6月升息機率增 
1144,2016.04.27,USA and Canada, 加拿大,加國總理：絕對不會支付贖金給恐怖份子 
1145,2016.04.27,USA and Canada, 美國,美國東北5州初選：川普全贏、柯琳頓贏4州 
1146,2016.04.26,USA and Canada, 加拿大,加拿大人質遭菲律賓激進組織殺害 
1147,2016.04.26,USA and Canada, 美國,前美國官員：美國應支持臺灣在肯亞案立場 
1148,2016.04.25,USA and Canada, 美國,北韓提議暫停核試，歐巴馬：不會當真 
1149,2016.04.25,USA and Canada, 加拿大,加拿大總理在「聯合國」總部簽署巴黎氣候協定 
1150,2016.04.22,USA and Canada, 美國,加州發現長達800公尺的美墨毒品走私地道 
1151,2016.04.22,USA and Canada, 美國,美國務卿與伊朗外長將就解除經濟制裁進行討論 
1152,2016.04.21,USA and Canada, 美國,美國紙鈔將首次出現非裔女性頭像 
1153,2016.04.21,USA and Canada, 美國,美國就「巴拿馬文件」展開刑事調查 
1154,2016.04.20,USA and Canada, 美國,川普、柯琳頓贏得紐約州總統初選 
1155,2016.04.20,USA and Canada, 美國,美國總統歐巴馬赴沙烏地阿拉伯進行訪問 
1156,2016.04.19,USA and Canada, 美國,德州罕見暴雨造成5人死亡 
1157,2016.04.18,USA and Canada, 美國,美國稱俄國戰機對美偵察機做出挑釁舉動，俄方予以反駁 
1158,2016.04.18,USA and Canada, 美國,「共和黨」懷州總統初選，克魯茲大獲全勝 
1159,2016.04.15,USA and Canada, 美國,美國防部長將在南海登航母視察 
1160,2016.04.15,USA and Canada, 美國,俄國戰機掠過美驅逐艦，美國務卿凱瑞予以譴責 
1161,2016.04.15,USA and Canada, 加拿大,加拿大向國會提交安樂死法案 
1162,2016.04.14,USA and Canada, 美國,歐巴馬赴CIA總部，表達對抗「伊斯蘭國」決心 
1163,2016.04.14,USA and Canada, 美國,美國衛生官員證實茲卡病毒會造成新生兒缺陷 
1164,2016.04.13,USA and Canada, 美國,美國總統歐巴馬為同工同酬發聲 
1165,2016.04.13,USA and Canada, 美國,美國國務卿凱瑞為自貿協定辯護 
1166,2016.04.12,USA and Canada, 美國,美衛生官員：茲卡病毒比預期更可怕 
1167,2016.04.11,USA and Canada, 美國,介入利比亞卻規劃不周，歐巴馬稱任內最大錯誤 
1168,2016.04.11,USA and Canada, 加拿大,加拿大原住民社區進入緊急狀態 
1169,2016.04.08,USA and Canada, 美國,美國就業市場持續復甦，上週初領失業救濟金人數減少 
1170,2016.04.08,USA and Canada, 加拿大,加拿大國防部長：自由黨政府不會忽視國防 
1171,2016.04.06,USA and Canada, 美國,威斯康辛州初選，克魯茲、桑德斯勝出 
1172,2016.04.01,USA and Canada, 美國,美日韓峰會矢言遏止北韓威脅 
1173,2016.04.01,USA and Canada, 美國,美「中」領導人同意在北韓問題上合作 
1174,2016.03.31,USA and Canada, 美國,美國擬在東歐加強軍事力量以嚇阻俄國 
1175,2016.03.31,USA and Canada, 加拿大,加拿大外長揭櫫新外交政策原則 
1176,2016.03.31,USA and Canada, 美國,中國大陸若劃設南海防空識別區，美國：不會承認 
1177,2016.03.30,USA and Canada, 美國,美政府下令駐土耳其南部的軍事及外交人員眷屬撤離 
1178,2016.03.29,USA and Canada, 美國,美日韓領導人將舉行三邊會談，討論北韓核武問題 
1179,2016.03.29,USA and Canada, 美國,FBI成功解鎖兇嫌手機，與「蘋果」司法爭議落幕 
1180,2016.03.28,USA and Canada, 美國,挑戰「協和號」，美公司打造更快更便宜之超音速客機 
1181,2016.03.25,USA and Canada, 美國,美「中」元首峰會將於本月底登場 
1182,2016.03.24,USA and Canada, 美國,歐巴馬：消滅「伊斯蘭國」係任內首要任務 
1183,2016.03.24,USA and Canada, 加拿大,加拿大將擴大財政支出以拉抬經濟 
1184,2016.03.23,USA and Canada, 美國,布魯塞爾恐攻，歐巴馬致電比國總理 
1185,2016.03.23,USA and Canada, 加拿大,比京遭恐攻，溫哥華機場加派維安警力 
1186,2016.03.22,USA and Canada, 加拿大,「聯合國」：加拿大安置難民作為值得效法 
1187,2016.03.22,USA and Canada, 美國,美最大驅逐艦出海進行測試 
1188,2016.03.18,USA and Canada, 美國,歐巴馬訪古行將接見異議人士 
1189,2016.03.17,USA and Canada, 美國,歐巴馬擬4月出訪沙烏地阿拉伯及英國 
1190,2016.03.17,USA and Canada, 加拿大,加拿大爭取擔任2021年「聯合國」安理會非常任理事國 
1191,2016.03.16,USA and Canada, 美國,美國將禁止大西洋油氣鑽探活動 
1192,2016.03.15,USA and Canada, 美國,美國會支持臺灣入國際刑警組織 
1193,2016.03.14,USA and Canada, 美國,歐巴馬承諾訪問古巴期間將提人權議題 
1194,2016.03.11,USA and Canada, 美國,加拿大總理訪美，稱美加關係像手足 
1195,2016.03.10,USA and Canada, 美國,加拿大人氣總理赴美訪問，歐巴馬國宴款待 
1196,2016.03.09,USA and Canada, 美國,美政府可能進一步放寬對古巴的旅遊與貿易限制 
1197,2016.03.08,USA and Canada, 美國,前紐約市長彭博：不會參選美國總統 
1198,2016.03.07,USA and Canada, 美國,美國前第一夫人南西雷根辭世 
1199,2016.03.04,USA and Canada, 加拿大,加拿大低碳經濟閉門會議，杜魯道：碳定價不可或缺 
1200,2016.03.04,USA and Canada, 美國,美共和黨總統初選，川普和羅姆尼大打口水戰 
1201,2016.03.03,USA and Canada, 美國,美太平洋司令提議組「小北約」，抗衡中國大陸 
1202,2016.03.03,USA and Canada, 加拿大,加拿大自由黨在大選後支持率升高 
1203,2016.03.02,USA and Canada, 美國,「聯合國」對北韓制裁案預計延至2日表決 
1204,2016.03.02,USA and Canada, 美國,「超級星期二」登場，川普和柯琳頓目前各拿下7州 
1205,2016.02.26,USA and Canada, 美國,美國向安理會提交制裁北韓之決議草案 
1206,2016.02.25,USA and Canada, 美國,氣候變遷加劇，熱浪恐每年侵襲全球6成地表 
1207,2016.02.25,USA and Canada, 美國,安理會制裁北韓草案，美國與中國大陸達成共識 
1208,2016.02.25,USA and Canada, 美國,IMF：全球經濟進一步走弱 
1209,2016.02.25,USA and Canada, 美國,美太平洋司令：持續在南海執行海空航行任務 
1210,2016.02.24,USA and Canada, 美國,內華達州「共和黨」初選，川普輕鬆取勝 
1211,2016.02.24,USA and Canada, 美國,歐巴馬向國會提交關閉關塔那摩監獄計畫 
1212,2016.02.23,USA and Canada, 美國,FBI要求「蘋果」破解槍手iPhone，比爾蓋茲表態支持 
1213,2016.02.22,USA and Canada, 美國,希拉蕊贏得內華達初選 
1214,2016.02.22,USA and Canada, 美國,傑布布希退出共和黨總統初選 
1215,2016.02.19,USA and Canada, 美國,歐巴馬簽署制裁北韓新法案 
1216,2016.02.18,USA and Canada, 美國,歐巴馬將赴古巴進行歷史性訪問 
1217,2016.02.18,USA and Canada, 美國,「聯合國兒童基金會」：非洲近百萬名兒童嚴重營養不良 
1218,2016.02.17,USA and Canada, 美國,歐巴馬直言川普不會當選 
1219,2016.02.16,USA and Canada, 美國,美國前總統小布希首度為胞弟站台 
1220,2016.02.16,USA and Canada, 美國,「東協」峰會加州登場，聚焦中國大陸及貿易 
1221,2016.02.15,USA and Canada, 美國,美最高法院大法官去世，繼任人選引發兩黨政治角力 
1222,2016.02.05,USA and Canada, 美國,歐巴馬首訪清真寺，盼促宗教和諧 
1223,2016.02.05,USA and Canada, 加拿大,民調：32%加拿大民眾支持TPP，半數民眾沒有意見 
1224,2016.02.05,USA and Canada, 美國,美國加碼援助敘利亞近10億美元 
1225,2016.02.04,USA and Canada, 美國,前聯邦參議員桑托榮退出共和黨總統初選 
1226,2016.02.04,USA and Canada, 美國,潘基文籲北韓放棄火箭發射計畫 
1227,2016.02.03,USA and Canada, 美國,美國愛荷華州初選，柯琳頓險勝 
1228,2016.02.03,USA and Canada, 美國,加強打擊IS，美擬增2017年軍費 
1229,2016.02.02,USA and Canada, 美國,共和黨總統參選人克魯茲贏得愛阿華州總統提名初選 
1230,2016.02.02,USA and Canada, 美國,美CDC：「世衛」籲全球共抗「茲卡病毒」 
1231,2016.01.30,USA and Canada, 美國,美國去年第4季經濟成長僅0.7% 
1232,2016.01.30,USA and Canada, 美國,美國國務院：希拉蕊22封電郵內含「最高機密」資料 
1233,2016.01.27,USA and Canada, 加拿大,加國將簽署TPP，但國會未必批准 
1234,2016.01.27,USA and Canada, 巴西,茲卡病毒肆虐，巴西將動員軍方宣導防疫措施 
1235,2016.01.27,USA and Canada, 美國,角逐「聯合國」秘書長職位，保加利亞兩位女性呼聲最高 
1236,2016.01.25,USA and Canada, 美國,紐約前市長彭博擬自掏腰包10億美元參選總統 
1237,2016.01.22,USA and Canada, 美國,歐巴馬承諾梅克爾將提供奧援，緩解難民危機 
1238,2016.01.22,USA and Canada, 美國,美國務院宣布赴美免簽新規定 
1239,2016.01.20,USA and Canada, 美國,IMF下修2016年全球經濟成長預測至3.4% 
1240,2016.01.20,USA and Canada, 美國,新的一年美國經濟難有出色表現 
1241,2016.01.18,USA and Canada, 加拿大,加拿大經濟熄火，政府官員面臨壓力 
1242,2016.01.18,USA and Canada, 美國,美國將制裁伊朗彈道飛彈計畫 
1243,2016.01.15,USA and Canada, 美國,約旦國王與歐巴馬預計於2月會晤 
1244,2016.01.14,USA and Canada, 美國,美威力球史上最高彩金15億美元，至少1人中獎 
1245,2016.01.13,USA and Canada, 美國,歐巴馬任內最後一次國情咨文：勿害怕未來 
1246,2016.01.13,USA and Canada, 美國,美國考慮為敘利亞境內遜尼派武裝團體提供訓練 
1247,2016.01.12,USA and Canada, 美國,摩根士丹利：油價可能跌至每桶20美元 
1248,2016.01.05,USA and Canada, 美國,歐巴馬加強槍枝管制引發爭議 
1249,2016.01.05,USA and Canada, 美國,白宮呼籲沙烏地阿拉伯與伊朗保持克制 
1250,2015.12.30,USA and Canada, 加拿大,加拿大總理小杜魯道將於3月訪問美國 
1251,2015.12.30,USA and Canada, 美國,前紐約州長退出共和黨總統初選 
1252,2015.12.29,USA and Canada, 美國,美國最受景仰人物排行榜出爐，歐巴馬、希拉蕊奪冠 
1253,2015.12.28,USA and Canada, 美國,龍捲風及暴雨襲美德州，釀至少11死 
1254,2015.12.25,USA and Canada, 美國,美國計畫大規模遣返中美洲非法移民 
1255,2015.12.24,USA and Canada, 加拿大,加拿大今年可能無法達成安置1萬名敘利亞難民的目標 
1256,2015.12.23,USA and Canada, 美國,SpaceX成功回收火箭，寫下歷史 
1257,2015.12.22,USA and Canada, 加拿大,小杜魯道總理獲選為加拿大年度風雲人物 
1258,2015.12.22,USA and Canada, 美國,越南人權律師阮文岱被捕，美政府表達關切 
1259,2015.12.21,USA and Canada, 美國,聯合國安理會通過決議案，支持敘利亞和平進程 
1260,2015.12.21,USA and Canada, 美國,在美就讀中小學的中國大陸學生人數日增 
1261,2015.12.18,USA and Canada, 美國,美古巴將重啟定期商務航班，歐巴馬籲解除禁運 
1262,2015.12.18,USA and Canada, 美國,安理會通過決議案，斬斷IS財源 
1263,2015.12.18,USA and Canada, 加拿大,加拿大盼北韓儘早釋放韓裔加拿大牧師林鉉洙 
1264,2015.12.17,USA and Canada, 美國,美國聯準會宣布升息一碼，揮別零利率時代 
1265,2016.11.25,Asian, 緬甸,"緬甸北部動亂9死，3,000人逃往中國大陸 "
1266,2016.11.25,Asian, 日本,日澳將簽署新安全協議 
1267,2016.11.24,Asian, 印度,印度擬將高速公路作為戰機緊急起降跑道 
1268,2016.11.24,Asian, 南韓,查密友干政案，南韓檢調搜索樂天、SK集團 
1269,2016.11.23,Asian, 土耳其,土耳其撤回性侵未成年少女可免責之法案 
1270,2016.11.23,Asian, 越南,考量成本及安全疑慮，越南宣布停建核電廠 
1271,2016.11.23,Asian, 韓國,南韓反對黨有意彈劾總統朴槿惠 
1272,2016.11.22,Asian, 日本,日本東北部外海發生7.4強震，氣象廳發布海嘯警報 
1273,2016.11.22,Asian, 菲律賓,菲律賓擬將黃岩島海域設為禁漁區 
1274,2016.11.22,Asian, 日本,安倍：TPP少了美國，就沒有意義 
1275,2016.11.21,Asian, 印度,印度火車出軌，至少百餘人罹難 
1276,2016.11.21,Asian, 敘利亞,敘利亞外長：盼川普停止軍援叛軍組織 
1277,2016.11.18,Asian, 日本,安倍：我對川普很有信心 
1278,2016.11.18,Asian, 南韓,南韓舉行大學入學考，上班時間、股市開市延後一小時 
1279,2016.11.17,Asian, 越南,越南：已停止推動TPP 
1280,2016.11.17,Asian, 日本,安倍盼與川普建立互信，重申美日同盟之重要性 
1281,2016.11.16,Asian, 日本,日本一週內修復福岡博多車站前塌陷大洞 
1282,2016.11.15,Asian, 紐西蘭,餘震不斷，紐西蘭出動直升機撤離受困遊客 
1283,2016.11.15,Asian, 日本,日本將派自衛隊赴南蘇丹執行馳援護衛任務 
1284,2016.11.14,Asian, 南韓,南韓檢方本週將約談總統朴槿惠 
1285,2016.11.14,Asian, 紐西蘭,紐西蘭7.8強震，至少2死 
1286,2016.11.11,Asian, 泰國,防撞天燈，泰國清邁機場取消下週多個航班 
1287,2016.11.11,Asian, 阿富汗,塔利班攻擊德國駐阿富汗領館，至少2死 
1288,2016.11.10,Asian, 日本,安倍擬17日與川普在紐約會面 
1289,2016.11.10,Asian, 日本,投資人恢復冷靜，亞股10日上演反彈行情 
1290,2016.11.09,Asian, 印度,打擊貪腐，印度總理宣布廢除大面額紙鈔 
1291,2016.11.08,Asian, 澳洲,澳洲國會否決舉行同性婚姻公投草案 
1292,2016.11.08,Asian, 南韓,調查密友干政醜聞，南韓檢方搜索三星集團 
1293,2016.11.07,Asian, 日本,日媒：日印預計本週簽署核能合作協議 
1294,2016.11.07,Asian, 南韓,南韓檢方逮捕朴槿惠2名前幕僚 
1295,2016.11.04,Asian, 南韓,深陷密友干政醜聞，南韓總統公開道歉 
1296,2016.11.04,Asian, 黎巴嫩,黎巴嫩總統提名遜尼派領導人擔任總理 
1297,2016.11.03,Asian, 日本,日相安倍與翁山蘇姬會談，承諾提供緬甸金援 
1298,2016.11.03,Asian, 印尼,印尼快艇翻覆，釀至少18死 
1299,2016.11.02,Asian, 南韓,南韓政府提名新總理及財政部長 
1300,2016.11.02,Asian, 伊拉克,伊拉克政府軍首度攻進摩蘇爾市區 
1301,2016.11.01,Asian, 南韓,南韓總統朴槿惠密友崔順實接受檢方調查 
1302,2016.11.01,Asian, 印度,印度8名越獄囚犯遭警方擊斃 
1303,2016.10.31,Asian, 南韓,密友涉嫌干政，執政黨要求朴槿惠成立中立內閣 
1304,2016.10.31,Asian, 澳洲,澳洲擬對搭船偷渡者祭出<U+7EC8>身簽證禁令 
1305,2016.10.28,Asian, 南韓,密友涉嫌干政，南韓總統朴槿惠支持率跌至新低 
1306,2016.10.28,Asian, 日本,日本天皇叔父三笠宮逝世，享嵩壽百歲 
1307,2016.10.27,Asian, 日本,日菲領導人展開會談 
1308,2016.10.27,Asian, 敘利亞,敘利亞伊德利布省遭空襲，多名孩童死亡 
1309,2016.10.26,Asian, 日本,菲國總統杜特蒂訪日 
1310,2016.10.26,Asian, 巴基斯坦,巴基斯坦警校遇襲，伊斯蘭國及塔利班分支承認犯行 
1311,2016.10.25,Asian, 巴基斯坦,巴基斯坦警察學校遇襲，釀至少44死 
1312,2016.10.25,Asian, 印度,印度警方擊斃至少24名毛派叛軍 
1313,2016.10.24,Asian, 伊拉克,庫德族戰士攻進摩蘇爾附近城鎮 
1314,2016.10.24,Asian, 日本,日本宇都宮市公園驚傳爆炸，釀1死3傷 
1315,2016.10.21,Asian, 敘利亞,土耳其空襲敘北庫德族，造成近200人喪生 
1316,2016.10.21,Asian, 北韓,北韓20日再度試射飛彈，失敗收場 
1317,2016.10.20,Asian, 菲律賓,菲律賓總統：準備向美國「說再見」 
1318,2016.10.20,Asian, 伊拉克,伊拉克政府軍擬收復境內最大基督教城鎮 
1319,2016.10.19,Asian, 馬來西亞,摩蘇爾收復戰開打，大馬加強維安阻聖戰士回流 
1320,2016.10.18,Asian, 新加坡,新加坡展開歷年最大反恐演習 
1321,2016.10.18,Asian, 菲律賓,菲政府軍8月間擊斃逾百名「阿布沙伊夫」成員 
1322,2016.10.17,Asian, 北韓,北韓試射中程飛彈以失敗收場 
1323,2016.10.17,Asian, 伊拉克,伊拉克準備展開摩蘇爾收復戰 
1324,2016.10.14,Asian, 泰國,泰王蒲美蓬駕崩，全國舉哀1年 
1325,2016.10.13,Asian, 印尼,推動法律改革，印尼矢言打擊走私及索賄公務員 
1326,2016.10.13,Asian, 菲律賓,菲政府邀「聯合國」派員調查「法外制裁」 
1327,2016.10.12,Asian, 阿富汗,喀布爾什葉派聖地遭槍手攻擊，釀14死數十傷 
1328,2016.10.12,Asian, 韓國,敦促北韓人民脫北，南韓總統促當局做好準備 
1329,2016.10.11,Asian, 新加坡,涉「一馬」弊案，新加坡再關閉1家瑞士銀行 
1330,2016.10.11,Asian, 新加坡,「世衛組織」：「茲卡」有席捲亞洲之虞 
1331,2016.10.07,Asian, 以色列,以色列將於巴勒斯坦增闢屯墾區，美國強烈譴責 
1332,2016.10.07,Asian, 巴基斯坦,巴基斯坦修補法律漏洞，「榮譽殺人」將處無期徒刑 
1333,2016.10.06,Asian, 阿富汗,阿富汗獲國際援助152億美元 
1334,2016.10.06,Asian, 印度,涉嫌詐騙美國民眾，印度警方逮捕750名嫌犯 
1335,2016.10.05,Asian, 印尼,印尼空軍將於南海舉行歷來最大規模軍演 
1336,2016.10.05,Asian, 沙烏地阿拉伯,沙烏地阿拉伯在波灣舉行實彈演習 
1337,2016.10.04,Asian, 阿富汗,塔利班攻擊阿富汗東北大城昆都茲 
1338,2016.10.04,Asian, 日本,日本細胞自噬專家大隅良典獨得諾貝爾醫學獎 
1339,2016.10.03,Asian, 泰國,泰國政府展現打貪決心，將設立反貪法院 
1340,2016.10.03,Asian, 印度,印度批准巴黎氣候協定 
1341,2016.09.30,Asian, 菲律賓,菲總統杜特蒂：美菲10月聯合軍演是「最後一次」 
1342,2016.09.30,Asian, 巴基斯坦,喀什米爾邊境再爆衝突，印度與巴基斯坦各執一詞 
1343,2016.09.29,Asian, 阿富汗,美軍空襲阿富汗，傳造成無辜平民傷亡 
1344,2016.09.29,Asian, 以色列,以色列前總統暨諾貝爾和平獎得主裴瑞斯辭世 
1345,2016.09.26,Asian, 約旦,約旦知名作家疑因冒犯伊斯蘭遭槍殺 
1346,2016.09.26,Asian, 印度,印度將批准巴黎氣候協定 
1347,2016.09.23,Asian, 南韓,南韓：是時候重新考慮北韓的「聯合國」會籍 
1348,2016.09.23,Asian, 菲律賓,菲律賓總統計畫10月訪問日「中」 
1349,2016.09.22,Asian, 南韓,向北韓示威，美國2架轟炸機再度飛越南韓 
1350,2016.09.22,Asian, 印度,喀什米爾地區爆衝突，印巴關係陷入高度緊張 
1351,2016.09.21,Asian, 日本,日銀維持利率不變，改設長期利率目標 
1352,2016.09.20,Asian, 敘利亞,敘利亞停火協議結束，「聯合國」救援車隊遭空襲 
1353,2016.09.20,Asian, 北韓,北韓：火箭發動機測試成功 
1354,2016.09.20,Asian, 日本,日本將提供28億美元援助難民及移民 
1355,2016.09.19,Asian, 泰國,泰國湄南河發生船難，多人死傷 
1356,2016.09.19,Asian, 敘利亞,美軍誤擊敘利亞政府軍，停火協議瀕臨破局 
1357,2016.09.14,Asian, 北韓,北韓東北地區洪災，十萬人無家可歸 
1358,2016.09.14,Asian, 澳洲,澳洲政府計畫於明年2月舉行同性婚姻公投 
1359,2016.09.13,Asian, 北韓,北韓隨時將再次核試，美軍派轟炸機示威 
1360,2016.09.13,Asian, 敘利亞,敘利亞停火協議正式生效 
1361,2016.09.10,Asian, 北韓,北韓進行今年第2次核試 
1362,2016.09.10,Asian, 敘利亞,美俄就敘利亞問題達成協議 
1363,2016.09.09,Asian, 烏茲別克,烏茲別克國會指派總理出任臨時總統 
1364,2016.09.09,Asian, 阿富汗,「塔利班」攻進阿富汗南部省份 
1365,2016.09.09,Asian, 寮國,「東協」及美日「中」領導人召開東亞峰會 
1366,2016.09.08,Asian, 澳洲,澳洲總理呼籲正視恐攻威脅 
1367,2016.09.08,Asian, 敘利亞,敘利亞反對派提出政治過渡計畫 
1368,2016.09.07,Asian, 寮國,日菲首次領袖會談，同意就南海問題加強合作 
1369,2016.09.07,Asian, 阿富汗,阿富汗首都發生3起爆炸案，釀至少41死 
1370,2016.09.06,Asian, 北韓,北韓朝日本海發射3枚彈道飛彈 
1371,2016.09.06,Asian, 敘利亞,敘利亞傳連環爆炸案，釀至少40死 
1372,2016.09.05,Asian, 菲律賓,菲總統家鄉遭恐攻，宣布國家進入「無法律狀態」 
1373,2016.09.05,Asian, 土耳其,土耳其：已將「伊斯蘭國」逐出土敘邊界 
1374,2016.09.02,Asian, 土耳其,「歐洲議會」議長赴土耳其商討土歐難民協議 
1375,2016.09.02,Asian, 馬來西亞,馬來西亞出現首起茲卡確診病例 
1376,2016.09.02,Asian, 日本,日相安倍赴俄與普亭展開會談 
1377,2016.09.01,Asian, 緬甸,緬甸政府與少數民族展開和平談判 
1378,2016.09.01,Asian, 日本,日本防衛省提出逾5兆日圓之國防預算 
1379,2016.08.31,Asian, 吉爾吉斯,中國大陸駐吉爾吉斯大使館發生汽車爆炸案 
1380,2016.08.31,Asian, 敘利亞,「伊斯蘭國」發言人在敘利亞遭擊斃 
1381,2016.08.30,Asian, 菲律賓,菲軍方與「阿布沙伊夫」交火，12名軍人死亡 
1382,2016.08.30,Asian, 葉門,「伊斯蘭國」在葉門發動炸彈攻擊，釀至少50死 
1383,2016.08.29,Asian, 新加坡,新加坡茲卡病毒本土感染病例增至41起 
1384,2016.08.29,Asian, 敘利亞,土耳其對敘利亞進行空襲，傳造成數十名平民死亡 
1385,2016.08.26,Asian, 敘利亞,「聯合國」：敘利亞政府曾發動化武攻擊 
1386,2016.08.25,Asian, 敘利亞,美土聯手助敘叛軍攻下「伊斯蘭國」根據地 
1387,2016.08.25,Asian, 緬甸,緬甸規模6.8強震釀3死65佛塔毀損 
1388,2016.08.24,Asian, 泰國,泰國南部連續2起爆炸案，釀1死逾30傷 
1389,2016.08.24,Asian, 日本,日韓「中」外長抗議北韓試射飛彈 
1390,2016.08.23,Asian, 日本,日「中」韓本週三將在東京召開外長會議 
1391,2016.08.23,Asian, 土耳其,土耳其總理：婚禮爆炸案非兒童炸彈客所為 
1392,2016.08.22,Asian, 土耳其,土耳其兒童炸彈客造成至少51死69傷 
1393,2016.08.22,Asian, 南韓,美韓「乙支自由衛士」聯合軍演即日起展開 
1394,2016.08.19,Asian, 南韓,南韓在38度線附近舉行歷來最大砲兵演訓 
1395,2016.08.19,Asian, 菲律賓,菲律賓自日本接收首艘多功能巡邏艇 
1396,2016.08.18,Asian, 印尼,印尼國慶日炸沉逾60艘違法外國漁船 
1397,2016.08.18,Asian, 土耳其,土耳其「庫德工人黨」汽車炸彈釀3死數十傷 
1398,2016.08.17,Asian, 菲律賓,菲特種部隊攻下「阿布沙伊夫」3處營地 
1399,2016.08.17,Asian, 韓國,南韓潛艦維修時爆炸，釀3死1傷 
1400,2016.08.16,Asian, 日本,二戰結束71週年，安倍連續4年未赴「靖國神社」參拜 
1401,2016.08.16,Asian, 葉門,葉門「無國界醫生」醫院遭阿拉伯聯軍空襲 
1402,2016.08.15,Asian, 日本,日本研發「地對艦飛彈」抗大陸挑釁 
1403,2016.08.15,Asian, 敘利亞,敘利亞反抗軍巴士遭自殺炸彈攻擊，至少15死25傷 
1404,2016.08.15,Asian, 日本,縮短通關時間，日擬派員赴台韓實施境外入境檢查 
1405,2016.08.12,Asian, 泰國,泰國華欣接連發生2起爆炸 
1406,2016.08.12,Asian, 菲律賓,菲律賓監獄發生爆炸造成10死 
1407,2016.08.11,Asian, 土耳其,土耳其「庫德工人黨」對警車發動攻擊 
1408,2016.08.11,Asian, 菲律賓,菲國總統揚言若緝毒受阻將實施戒嚴 
1409,2016.08.11,Asian, 敘利亞,阿勒坡留守醫師聯名呼籲歐巴馬設禁航區 
1410,2016.08.10,Asian, 日本,日本外相：與中國大陸關係「明顯惡化」 
1411,2016.08.10,Asian, 印度,印度人權鬥士結束史上最長16年絕食 
1412,2016.08.09,Asian, 巴基斯坦,巴基斯坦醫院遭自殺炸彈攻擊，至少70死 
1413,2016.08.09,Asian, 日本,日本天皇暗示有意生前退位 
1414,2016.08.08,Asian, 土耳其,土耳其總統支持恢復死刑 
1415,2016.08.08,Asian, 菲律賓,菲律賓總統公布百餘名涉毒政客名單 
1416,2016.08.08,Asian, 伊朗,涉嫌洩露核武機密給美國，伊朗核子專家被處以絞刑 
1417,2016.08.05,Asian, 阿富汗,阿富汗旅遊小巴遇襲7傷，塔利班坦承犯案 
1418,2016.08.05,Asian, 泰國,人權團體批泰國軍方打壓反修憲人士 
1419,2016.08.04,Asian, 澳洲,人權團體批澳洲默許虐待難民 
1420,2016.08.04,Asian, 阿拉伯聯合大公國,阿聯酋班機迫降機場後起火，1消防員喪生 
1421,2016.08.03,Asian, 北韓,北韓試射導彈，落入日本外海 
1422,2016.08.03,Asian, 敘利亞,敘利亞伊德利布省遭有毒氯氣攻擊 
1423,2016.08.02,Asian, 印度,沙國經濟不景氣，逾萬名失業印度勞工受困當地 
1424,2016.08.02,Asian, 敘利亞,俄羅斯軍機在敘利亞遭擊落，機上5人喪生 
1425,2016.08.01,Asian, 阿富汗,阿富汗美軍基地旁旅館大爆炸，塔利班坦承犯案 
1426,2016.08.01,Asian, 日本,東京選出首位女知事 
1427,2016.07.29,Asian, 南韓,日本在韓成立慰安婦基金會，抗議民眾與警察爆發衝突 
1428,2016.07.28,Asian, 日本,日本首相安倍：將推28兆日圓經濟刺激方案 
1429,2016.07.28,Asian, 印尼,無視國際抗議，印尼將處決14名毒犯 
1430,2016.07.27,Asian, 寮國,中國大陸：部署「薩德」有損「中」韓互信 
1431,2016.07.26,Asian, 日本,日本安養院前員工持刀砍人，造成19死26傷 
1432,2016.07.26,Asian, 寮國,柬埔寨迫菲讓步，「東協」外長公報未提南海仲裁 
1433,2016.07.25,Asian, 阿富汗,阿富汗和平示威遭炸彈攻擊，至少80死230傷 
1434,2016.07.22,Asian, 日本,取消美軍基地遷移許可，日本政府再告沖繩縣府 
1435,2016.07.21,Asian, ,美國將沒收大馬主權基金資產，大馬政府：全面配合調查 
1436,2016.07.21,Asian, 土耳其,土耳其總統宣布進入緊急狀態三個月 
1437,2016.07.20,Asian, 土耳其,"土耳其政府擴大整肅，牽連4萬5,000多人 "
1438,2016.07.20,Asian, 北韓,北韓：19日飛彈試射為模擬對南韓的核彈攻擊 
1439,2016.07.19,Asian, 土耳其,土耳其總統大規模整肅異己，美歐提出警告 
1440,2016.07.19,Asian, 北韓,北韓朝日本海發射三枚彈道飛彈 
1441,2016.07.18,Asian, 土耳其,土耳其軍事政變失敗，至少265死 
1442,2016.07.15,Asian, 蒙古,日相赴蒙古出席亞歐會議，與德國總理展開會談 
1443,2016.07.15,Asian, 敘利亞,敘利亞總統稱俄羅斯不曾要求他下台 
1444,2016.07.14,Asian, 日本,日本宮內廳次長否認天皇生前退位報導 
1445,2016.07.14,Asian, 土耳其,土耳其政府盼與敘利亞建立良好關係 
1446,2016.07.14,Asian, 日本,日本外務省成立「網路安全保障政策室」 
1447,2016.07.13,Asian, 伊拉克,伊拉克首都又傳汽車炸彈攻擊，釀至少12死 
1448,2016.07.12,Asian, 敘利亞,敘利亞反叛軍在阿勒坡市發動攻擊 
1449,2016.07.12,Asian, 印度,喀什米爾爆發示威暴動，釀至少30死 
1450,2016.07.11,Asian, 日本,日參院選舉安倍大勝，拿到修憲門票 
1451,2016.07.11,Asian, 南韓,美韓同意在南韓部署「薩德」飛彈防禦系統 
1452,2016.07.07,Asian, 敘利亞,敘利亞政府軍宣布停火72小時 
1453,2016.07.07,Asian, 葉門,葉門亞丁軍事基地遭汽車炸彈攻擊 
1454,2016.07.06,Asian, 澳洲,澳洲總理稱將為選舉結果負全責 
1455,2016.07.06,Asian, 伊拉克,伊拉克恐攻死亡人數攀升至250人 
1456,2016.07.05,Asian, 孟加拉,孟加拉恐攻嫌犯多來自富裕家庭 
1457,2016.07.05,Asian, 沙烏地阿拉伯,沙烏地阿拉伯聖城麥地那遭自殺攻擊 
1458,2016.07.04,Asian, 沙烏地阿拉伯,美國駐吉達領事館附近發生自殺攻擊，造成2人受傷 
1459,2016.07.04,Asian, 澳洲,澳洲國會大選開票，兩大陣營至今無一過半 
1460,2016.07.04,Asian, 伊拉克,伊拉克首都遭炸彈攻擊，釀至少125死 
1461,2016.07.01,Asian, 土耳其,土耳其機場恐攻罹難者增至43人 
1462,2016.07.01,Asian, 伊拉克,美伊空襲殲滅數百「伊斯蘭國」聖戰士及車輛 
1463,2016.06.30,Asian, 蒙古,蒙古主要反對黨拿下國會多數席次 
1464,2016.06.30,Asian, 土耳其,土耳其機場恐攻造成至少41死239傷 
1465,2016.06.29,Asian, 土耳其,土耳其機場驚傳恐攻，釀36死147傷 
1466,2016.06.29,Asian, 印尼,印尼擬擴建納土那群島軍事設施 
1467,2016.06.28,Asian, 以色列,以色列及土耳其宣布達成和解協議 
1468,2016.06.28,Asian, 緬甸,緬甸宣示反毒決心，「國際禁毒日」焚毀大批毒品 
1469,2016.06.27,Asian, 伊拉克,再挫「伊斯蘭國」，伊拉克全面收復法魯賈 
1470,2016.06.24,Asian, 日本,英國決定「脫歐」，日相急召內閣商討對策 
1471,2016.06.24,Asian, 印尼,全力捍衛主權，印尼總統在軍艦上召開內閣會議 
1472,2016.06.23,Asian, 印度,印度雨季雷擊2天至少釀93死 
1473,2016.06.23,Asian, 北韓,「安理會」主席籲「聯合國」堅定回應北韓飛彈試射 
1474,2016.06.22,Asian, 敘利亞,「聯合國」：700多名醫療人員死於敘利亞內戰 
1475,2016.06.22,Asian, 菲律賓,菲國總統當選人：不會為南海爭議與中國大陸開戰 
1476,2016.06.21,Asian, 柬埔寨,南海案宣判在即，柬埔寨總理稱不支持仲裁結果 
1477,2016.06.21,Asian, 印尼,扣船護主權，印尼總統要求持續嚴格執法 
1478,2016.06.20,Asian, 日本,「沖繩縣民大會」決議要求美陸戰隊撤離 
1479,2016.06.20,Asian, 印尼,印尼土石流已造成至少35人喪生 
1480,2016.06.17,Asian, 伊拉克,聯合國「敘利亞調查委員會」：「伊斯蘭國」屠殺「亞茲迪人」 
1481,2016.06.17,Asian, 巴勒斯坦,巴勒斯坦指控以色列切斷供水，導致巴人齋戒月無水可用 
1482,2016.06.16,Asian, 敘利亞,人權團體指「聯合國」援助不公 ，獨惠敘利亞政府軍掌控區 
1483,2016.06.16,Asian, 巴基斯坦,巴基斯坦撥款200萬美元助跨性別族群 
1484,2016.06.15,Asian, 緬甸,達賴喇嘛籲翁山蘇姬解決洛興雅難民問題 
1485,2016.06.15,Asian, 日本,疑挪用公款，東京都知事請辭下台 
1486,2016.06.14,Asian, 敘利亞,全球最危險國家，敘利亞連兩年登榜首 
1487,2016.06.14,Asian, 南韓,南韓外長訪古巴及俄羅斯，拉攏北韓盟友 
1488,2016.06.13,Asian, 孟加拉,"少數族群頻遭攻擊，孟加拉警方逮5,000人 "
1489,2016.06.08,Asian, 巴布亞紐幾內亞,巴布亞紐幾內亞警方朝抗議學生開槍，釀至少4死 
1490,2016.06.07,Asian, 土耳其,伊斯坦堡發生汽車炸彈攻擊，11人喪生 
1491,2016.06.07,Asian, 新加坡,香格里拉對話：法國籲「歐盟」在南海巡航 
1492,2016.06.06,Asian, 澳洲,暴雨肆虐澳洲新南威爾斯，造成3人死亡 
1493,2016.06.04,Asian, 日本,日本男童失蹤6天後平安尋獲 
1494,2016.06.04,Asian, 新加坡,香格里拉對話：泰、印支持依國際法解決南海爭端 
1495,2016.06.03,Asian, 土耳其,土耳其總統：德國種族滅絕決議將重創兩國關係 
1496,2016.06.03,Asian, 菲律賓,菲總統當選人：不會放棄南海「斯卡伯勒淺灘」權利 
1497,2016.06.02,Asian, 日本,日相安倍宣布消費稅延後調漲 
1498,2016.05.31,Asian, 南韓,朴槿惠訪非外交勝利，烏干達將中斷與北韓的軍事合作 
1499,2016.05.30,Asian, 印尼,印尼在納土那群島海域扣押中國籍漁船 
1500,2016.05.30,Asian, 日本,歐巴馬「廣島行」獲日本民眾高度肯定 
1501,2016.05.27,Asian, 菲律賓,菲律賓總統指控中國違反南海協議 
1502,2016.05.26,Asian, 印尼,印尼宣布性侵兒童罪犯最高可處死刑和化學去勢 
1503,2016.05.26,Asian, 日本,歐洲理事會主席赴日參加G7峰會，呼籲國際一同面對難民問題 
1504,2016.05.25,Asian, 日本,G7峰會宣言草案將觸及南海問題 
1505,2016.05.25,Asian, 北韓,北韓海外餐廳員工再傳集體脫逃 
1506,2016.05.25,Asian, 土耳其,土耳其：不給免簽，國會將阻擋歐土移民協議 
1507,2016.05.24,Asian, 伊朗,印度與伊朗合作開發戰略港口 
1508,2016.05.24,Asian, 越南,歐巴馬宣布全面對越南解除武器禁運 
1509,2016.05.23,Asian, 越南,歐巴馬抵達越南訪問，象徵兩國關係回溫 
1510,2016.05.23,Asian, 日本,駐日美軍涉嫌殺害沖繩女子，美國防部長道歉 
1511,2016.05.20,Asian, 斯里蘭卡,斯里蘭卡土石流淹埋3村，造成58人死亡 
1512,2016.05.19,Asian, 伊拉克,伊拉克從「伊斯蘭國」手中收復魯特巴鎮 
1513,2016.05.19,Asian, 印度,印度執政黨在東北省份選舉中取勝，擴大政治版圖 
1514,2016.05.18,Asian, 緬甸,美國放寬對緬甸的經濟制裁 
1515,2016.05.18,Asian, 伊拉克,伊拉克再度遭爆炸攻擊，造成至少70人死亡 
1516,2016.05.17,Asian, 泰國,泰國將禁止遊客訪問達猜島 
1517,2016.05.17,Asian, 菲律賓,菲律賓總統當選人主張恢復死刑 
1518,2016.05.16,Asian, 伊拉克,「伊斯蘭國」對伊拉克天然氣廠發動自殺攻擊 
1519,2016.05.16,Asian, 孟加拉,孟加拉雷擊事件頻傳，造成逾50人死亡 
1520,2016.05.13,Asian, 南韓,朴槿惠月底將訪問非洲3國 
1521,2016.05.13,Asian, 葉門,葉門軍事基地遭自殺炸彈攻擊 
1522,2016.05.12,Asian, 日本,日本：申奧過程乾淨合法 
1523,2016.05.12,Asian, 伊拉克,伊拉克首都發生3起爆炸案，釀至少88死 
1524,2016.05.11,Asian, 日本,歐巴馬將與日相安倍一同訪問廣島 
1525,2016.05.10,Asian, 菲律賓,菲國總統大選，杜特蒂當選成定局 
1526,2016.05.10,Asian, 澳洲,澳洲總理宣布解散國會 
1527,2016.05.09,Asian, 菲律賓,菲律賓舉行總統大選，杜特蒂選前民調領先 
1528,2016.05.09,Asian, 北韓,金正恩：國家主權受威脅才會動用核武 
1529,2016.05.06,Asian, 敘利亞,敘利亞北部難民營遭空襲，造成至少28死 
1530,2016.05.06,Asian, 北韓,睽違36年，北韓「勞動黨」召開黨代會 
1531,2016.05.06,Asian, 印尼,印尼、馬來西亞和菲律賓將進行海上聯合巡邏 
1532,2016.05.05,Asian, 土耳其,與總統關係緊張，土耳其總理達夫托葛魯可能遭解職 
1533,2016.05.05,Asian, 伊拉克,美軍證實澳洲籍IS恐怖分子在伊拉克遭擊斃 
1534,2016.05.04,Asian, 菲律賓,遭菲激進組織綁架之人質懇求政府支付贖金 
1535,2016.05.04,Asian, 葉門,「聯合國」特使：葉門和談4日重啟 
1536,2016.05.03,Asian, 澳洲,通膨率遠低於目標，澳洲央行宣布降息 
1537,2016.05.03,Asian, 印度,捲入洗錢案，印度酒業大亨馬爾雅辭上議院席位 
1538,2016.05.02,Asian, 澳洲,澳洲企業家萊特向媒體透露自己是比特幣創造者 
1539,2016.05.02,Asian, 南韓,南韓重啟打造船隻導航備用系統之計畫 
1540,2016.04.29,Asian, 土耳其,土耳其自殺炸彈攻擊，釀1死13傷 
1541,2016.04.29,Asian, 北韓,南韓官員：北韓再度試射「舞水端」中程彈道飛彈 
1542,2016.04.29,Asian, 印度,印度政府要求英國驅逐印度酒業大亨 
1543,2016.04.28,Asian, 巴布亞紐幾內亞,澳洲將就難民收容問題與巴布亞紐幾內亞舉行會談 
1544,2016.04.28,Asian, 日本,日本央行維持利率不變，市場大感意外 
1545,2016.04.27,Asian, 菲律賓,日本直升機護衛艦「伊勢號」抵菲律賓訪問 
1546,2016.04.27,Asian, 北韓,北韓勞動黨5月舉行全國代表大會，36年來首見 
1547,2016.04.26,Asian, 澳洲,法國拿下澳洲新一代潛艦訂單 
1548,2016.04.26,Asian, 北韓,北韓可能準備試射舞水端中程飛彈 
1549,2016.04.25,Asian, 印尼,印尼政府擬設危機處理中心，迅速回應海外公民安全事件 
1550,2016.04.25,Asian, 北韓,北韓外長：美若停止美韓軍演，北韓將暫停核試 
1551,2016.04.22,Asian, 菲律賓,菲律賓：日直升機護衛艦「伊勢號」將於下週來訪 
1552,2016.04.21,Asian, 伊拉克,美軍開始以B-52轟炸機打擊IS 
1553,2016.04.21,Asian, 葉門,「聯合國」：葉門即將展開和平談判 
1554,2016.04.20,Asian, 阿富汗,阿富汗首都驚傳「塔利班」貨車炸彈襲擊 
1555,2016.04.20,Asian, 日本,安倍擬放棄於春季大祭期間參拜「靖國神社」 
1556,2016.04.19,Asian, 日本,熊本強震：安倍稱最受臺灣慰問之語激勵 
1557,2016.04.19,Asian, 伊拉克,有效打擊IS，華府擬加派駐伊美軍 
1558,2016.04.18,Asian, 緬甸,翁山蘇姬矢言修憲，建立緬甸民主制度 
1559,2016.04.18,Asian, 日本,熊本強震：日本政府感謝臺灣各界關心 
1560,2016.04.15,Asian, 日本,日本強震造成至少9死860傷 
1561,2016.04.14,Asian, 南韓,韓國會大選結果出爐，執政黨席次未過半 
1562,2016.04.13,Asian, 越南,日本護衛艦二戰後首度停靠越南金蘭灣 
1563,2016.04.13,Asian, 印度,印美原則上同意支援彼此軍事後勤 
1564,2016.04.12,Asian, 日本,G7外長發表「廣島宣言」，籲提升擁核透明度 
1565,2016.04.11,Asian, 葉門,葉門交戰雙方暫時停火，本月下旬舉行談判 
1566,2016.04.11,Asian, 日本,G7外長在日本廣島召開會議 
1567,2016.04.11,Asian, 南韓,北韓高階軍官罕見叛逃南韓 
1568,2016.04.07,Asian, 日本,日本自衛隊軍機墜毀，機上6人全數罹難 
1569,2016.04.07,Asian, 南韓,南韓：北韓有能力在「蘆洞」飛彈上安裝核彈頭 
1570,2016.04.01,Asian, 日本,日本外務大臣岸田文雄擬4月訪問北京 
1571,2016.04.01,Asian, 澳洲,澳洲大學歷史用詞爭議，昆士蘭省長：學生應知道事實 
1572,2016.03.30,Asian, 緬甸,緬甸首位文人總統宣誓就職，翁山蘇姬擁4官職 
1573,2016.03.29,Asian, 日本,日本安保法正式上路，解禁集體自衛權 
1574,2016.03.29,Asian, 南韓,南韓民主人士空飄傳單，譴責北韓領導人金正恩 
1575,2016.03.29,Asian, 日本,強化情蒐，日本啟用東海雷達站 
1576,2016.03.28,Asian, 敘利亞,敘利亞政府軍收復古城巴邁拉，有助打擊IS 
1577,2016.03.28,Asian, 巴基斯坦,巴基斯坦公園遭自殺炸彈攻擊，至少67死300傷 
1578,2016.03.25,Asian, 日本,日本「中國通」橫井裕出任駐陸大使 
1579,2016.03.25,Asian, 印尼,印尼承認巡邏船對臺灣漁船開火 
1580,2016.03.24,Asian, 紐西蘭,紐西蘭國旗公投出爐，決定保留原本國旗 
1581,2016.03.24,Asian, 土耳其,土耳其總統：去年就已將布魯塞爾恐攻案其中一名嫌犯驅逐出境 
1582,2016.03.23,Asian, 緬甸,翁山蘇姬將出任緬甸外長 
1583,2016.03.23,Asian, 印尼,臺灣漁船在印尼海域遭槍擊 
1584,2016.03.22,Asian, 澳洲,陸企租下澳洲達爾文港，美國憂軍情恐外洩 
1585,2016.03.22,Asian, 北韓,動作頻頻，北韓再度發射5枚短程飛行物 
1586,2016.03.21,Asian, 俄羅斯,杜拜客機墜毀俄羅斯，機上62人全數罹難 
1587,2016.03.21,Asian, 澳洲,澳洲總理：勞動法案若未通過將解散國會 
1588,2016.03.21,Asian, 土耳其,土耳其伊斯坦堡鬧區傳自殺攻擊，5死36傷 
1589,2016.03.18,Asian, 澳洲,澳洲參議院通過選制改革法案，為國會提前改選鋪路 
1590,2016.03.18,Asian, 北韓,北韓再度試射飛彈，疑為「蘆洞」中程飛彈 
1591,2016.03.18,Asian, 土耳其,掌握恐攻情資，德國暫時關閉駐土耳其使館及學校 
1592,2016.03.17,Asian, 北韓,北韓判處一名美國大學生15年勞改 
1593,2016.03.16,Asian, 巴基斯坦,巴基斯坦白沙瓦發生巴士爆炸案，至少15死 
1594,2016.03.16,Asian, 印尼,印尼擊沉惡名昭彰的盜獵漁船 「維京號」 
1595,2016.03.15,Asian, 緬甸,緬甸國會舉行表決，翁山蘇姬親信碇喬當選總統 
1596,2016.03.15,Asian, 杜拜,難民營女老師獲全球教師獎 
1597,2016.03.14,Asian, 南韓,美航母史坦尼斯號加入韓美聯合軍演 
1598,2016.03.14,Asian, 土耳其,土耳其首都市中心汽車炸彈攻擊，至少34死 
1599,2016.03.11,Asian, 日本,日本將派蒼龍級潛艦參與聯合軍演，爭取澳洲採購合約 
1600,2016.03.10,Asian, 緬甸,緬甸總統候選人，翁山蘇姬親信獲提名 
1601,2016.03.10,Asian, 北韓,北韓朝日本海發射2枚短程飛彈 
1602,2016.03.10,Asian, 伊朗,伊朗試射飛彈意在警告以色列 
1603,2016.03.09,Asian, 伊朗,伊朗再度試射彈道飛彈 
1604,2016.03.09,Asian, 北韓,金正恩稱北韓已擁有小型化核彈頭 
1605,2016.03.08,Asian, 韓國,北韓駭客試圖攻擊南韓鐵路系統 
1606,2016.03.07,Asian, 南韓,美韓舉行史上最大規模聯合軍演 
1607,2016.03.07,Asian, 菲律賓,執行安理會制裁決議，菲律賓扣押北韓貨輪 
1608,2016.03.04,Asian, 北韓,北韓下令軍方做好動用核武之準備 
1609,2016.03.03,Asian, 北韓,安理會甫通過制裁決議，北韓疑發射短程飛彈 
1610,2016.03.03,Asian, 紐西蘭,紐西蘭就換國旗進行最後公投 
1611,2016.03.02,Asian, 越南,越南百年大旱重創當地農業 
1612,2016.03.02,Asian, 澳洲,澳洲去年第4季GDP年增3%，優於預期 
1613,2016.03.02,Asian, 日本,安倍宣布將撥款135億日圓援助難民 
1614,2016.03.01,Asian, 伊朗,伊朗國會大選，改革派獲多數席次 
1615,2016.03.01,Asian, 敘利亞,敘反對派控政府軍違反停火協議 
1616,2016.02.26,Asian, 土耳其,被控洩漏國家機密遭逮，兩名土國記者終獲釋 
1617,2016.02.26,Asian, 澳洲,澳洲指印尼恐攻威脅增，遊客需提高警覺 
1618,2016.02.26,Asian, 日本,日本1月通膨率掉回零，通縮陰影再現 
1619,2016.02.25,Asian, 澳洲,澳洲規劃未來10年國防預算增加299億澳幣 
1620,2016.02.25,Asian, 日本,臺灣「富士康」斥資60億美元買下「夏普」 
1621,2016.02.24,Asian, 日本,日兩在野黨擬合併迎戰參議院選舉 
1622,2016.02.24,Asian, 敘利亞,敘利亞內戰造成逾27萬人喪生 
1623,2016.02.23,Asian, 斐濟,強烈熱帶氣旋襲斐濟，至少29人死亡 
1624,2016.02.23,Asian, 印尼,取締非法捕撈，印尼炸沉27艘外籍漁船 
1625,2016.02.23,Asian, 敘利亞,敘利亞停火協議將於27日生效 
1626,2016.02.22,Asian, 澳洲,美艦隊司令籲澳洲派艦赴南海執行航行自由行動 
1627,2016.02.22,Asian, 敘利亞,敘利亞遭連環自殺炸彈攻擊 
1628,2016.02.19,Asian, 土耳其,安卡拉遭恐怖攻擊，土耳其總統矢言報復 
1629,2016.02.19,Asian, 澳洲,澳、紐就移民問題達成新協議 
1630,2016.02.18,Asian, 南韓,南韓：北韓準備對南韓發動恐攻 
1631,2016.02.18,Asian, 印尼,印尼外海傳規模6.2地震 
1632,2016.02.18,Asian, 土耳其,土耳其首都發生汽車爆炸，釀至少28死 
1633,2016.02.17,Asian, 南韓,美F-22匿蹤戰機飛抵南韓，威懾北韓 
1634,2016.02.17,Asian, 澳洲,澳洲外長：希望中國大陸停止南海島礁建設 
1635,2016.02.17,Asian, 卡達,沙烏地阿拉伯和俄羅斯同意凍結石油產量 
1636,2016.02.17,Asian, 韓國,韓美聯合軍演將達歷年最大規模 
1637,2016.02.17,Asian, 菲律賓,菲警遭共黨游擊隊突襲，6死8傷 
1638,2016.02.16,Asian, 南韓,南韓官員：北韓將開城收入用於核武計畫的說法仍待證實 
1639,2016.02.16,Asian, 日本,埃及總統塞西月底將首度訪日 
1640,2016.02.16,Asian, 敘利亞,敘利亞醫院學校遭空襲，近50人喪生 
1641,2016.02.15,Asian, 日本,澳洲外長出訪日本，將與日外務大臣討論北韓議題 
1642,2016.02.15,Asian, 日本,日本第4季GDP萎縮1.4%，安倍經濟學再受打擊 
1643,2016.02.05,Asian, 日本,日本調派神盾艦因應北韓飛彈 
1644,2016.02.04,Asian, 紐西蘭,TPP在紐西蘭完成簽署 
1645,2016.02.04,Asian, 敘利亞,「聯合國」暫停敘利亞和談 
1646,2016.02.03,Asian, 南韓,南韓宣布新一輪振興景氣措施 
1647,2016.02.03,Asian, 北韓,北韓將於本月發射人造衛星 
1648,2016.02.02,Asian, 紐西蘭,移居紐西蘭之澳洲移民淨流入人數創新高 
1649,2016.02.02,Asian, 阿富汗,「塔利班」對阿富汗首都警察局發動攻擊 
1650,2016.02.01,Asian, 緬甸,緬甸國會今開議，翁山蘇姬時代來臨 
1651,2016.02.01,Asian, 越南,美艦駛近西沙中建島，越南：尊重無害通行權 
1652,2016.02.01,Asian, 以色列,以色列拒絕法國就以巴問題所提之最後通牒 
1653,2016.02.01,Asian, 敘利亞,「伊斯蘭國」在敘利亞首都發動炸彈攻擊 
1654,2016.01.30,Asian, 伊朗,伊朗無人機飛越美國航母 
1655,2016.01.29,Asian, 日本,身陷收賄疑雲，日本經濟再生大臣請辭 
1656,2016.01.29,Asian, 日本,日銀實施負利率，震撼市場 
1657,2016.01.28,Asian, 巴布亞紐幾內亞,巴布亞紐幾內亞是全球女性處境最危險的國家 
1658,2016.01.28,Asian, 緬甸,緬甸總統：民主轉移是人民的勝利 
1659,2016.01.28,Asian, 越南,阮富仲連任越共總書記 
1660,2016.01.27,Asian, 菲律賓,日本天皇夫婦出訪菲律賓 
1661,2016.01.27,Asian, 斯里蘭卡,斯里蘭卡銷毀非法象牙 
1662,2016.01.26,Asian, 澳洲,提倡性別平等，澳洲退役將領獲選2016澳洲年度人物 
1663,2016.01.26,Asian, 馬來西亞,大馬檢方：首相未受賄，6.81億美元是沙國皇室捐款 
1664,2016.01.26,Asian, 敘利亞,聯合國特使：預計於29日展開敘利亞和談 
1665,2016.01.25,Asian, 印度,法國總統歐蘭德抵印訪問 
1666,2016.01.25,Asian, 澳洲,澳洲多位省長支持澳洲改為共和制 
1667,2016.01.25,Asian, 敘利亞,美國務卿施壓敘反對陣營參加和談 
1668,2016.01.22,Asian, 日本,日本政府解除對伊朗的制裁措施 
1669,2016.01.22,Asian, 越南,越共召開全代會，將選出下任領導人 
1670,2016.01.21,Asian, 敘利亞,120個人道組織籲終結敘利亞內戰 
1671,2016.01.21,Asian, 日本,避險需求激勵日圓兌美元升至一年高點 
1672,2016.01.21,Asian, 伊拉克,"「伊斯蘭國」摧毀伊拉克1,400年歷史之基督教修道院 "
1673,2016.01.21,Asian, 日本,最強美軍戰機F-22飛抵日本 
1674,2016.01.20,Asian, 沙烏地阿拉伯,習近平訪沙烏地，簽署14項協議、備忘錄 
1675,2016.01.20,Asian, 巴基斯坦,巴基斯坦大學發生槍擊案，造成至少20人死亡 
1676,2016.01.20,Asian, 敘利亞,敘利亞和談恐無法如期展開 
1677,2016.01.19,Asian, 巴基斯坦,巴基斯坦西北城市爆發炸彈攻擊，造成至少6人喪生 
1678,2016.01.19,Asian, 日本,日相安倍籲G7重納俄羅斯 
1679,2016.01.19,Asian, 敘利亞,敘利亞300平民遭「伊斯蘭國」殺害 
1680,2016.01.18,Asian, 日本,東京下起暴雪，逾百人受傷 
1681,2016.01.18,Asian, 伊拉克,美方證實數名美國公民在伊拉克遭綁架 
1682,2016.01.18,Asian, 北韓,北韓提有條件取消核試 
1683,2016.01.15,Asian, 日本,稱慰安婦為妓女，日本自民黨議員失言致歉 
1684,2016.01.15,Asian, 澳洲,雪梨歌劇院驚傳炸彈威脅，澳洲警方緊急疏散群眾 
1685,2016.01.15,Asian, 印尼,雅加達市中心發生恐攻，「伊斯蘭國」承認犯行 
1686,2016.01.15,Asian, 以色列,以色列暗中拉攏遜尼派國家，共同抗衡伊朗 
1687,2016.01.15,Asian, 伊朗,伊朗移除核子反應爐核心 
1688,2016.01.14,Asian, 澳洲,世界銀行：TPP對澳洲經濟貢獻不大 
1689,2016.01.14,Asian, 菲律賓,菲律賓擬向美國提供8軍事基地 
1690,2016.01.14,Asian, 土耳其,土耳其警察總部遭汽車炸彈攻擊 
1691,2016.01.14,Asian, 印尼,雅加達市中心發生連環爆炸，至少6死 
1692,2016.01.14,Asian, 伊朗,美軍誤闖伊朗海域遭扣案圓滿落幕 
1693,2016.01.13,Asian, 韓國,北韓無人機越軍事分界線，南韓開槍示警 
1694,2016.01.13,Asian, 伊朗,美軍誤闖伊朗海域遭扣留，伊朗允諾放人 
1695,2016.01.13,Asian, 巴基斯坦,巴基斯坦西南部城市發生爆炸，至少14人死亡 
1696,2016.01.13,Asian, 菲律賓,菲最高法院裁定美菲國防合作協議合憲 
1697,2016.01.13,Asian, 土耳其,土耳其伊斯坦堡遭自殺攻擊，造成10人死亡 
1698,2016.01.13,Asian, 日本,阻「中」艦橫行釣島，日擬派軍艦驅離 
1699,2016.01.12,Asian, 巴基斯坦,阿富汗和平協商，四國代表齊聚巴國 
1700,2016.01.12,Asian, 伊拉克,「伊斯蘭國」在伊拉克首都發動攻擊，造成多人罹難 
1701,2016.01.12,Asian, 菲律賓,對應中國大陸填海造島行動，美、菲擬研商策略 
1702,2016.01.12,Asian, 緬甸,緬甸召開全國和平會議 
1703,2016.01.12,Asian, 敘利亞,敘利亞城鎮400人瀕死，需緊急接受治療 
1704,2016.01.12,Asian, 南韓,美國擬在南韓部署更多「戰略資產」，但不會重新部署核武 
1705,2016.01.12,Asian, 越南,抗議北京舉措，越南將增採南海石油 
1706,2016.01.11,Asian, 北韓,金正恩稱北韓核試為自衛性措施 
1707,2016.01.11,Asian, 南韓,北韓核試影響，南韓總統民調止跌回升 
1708,2016.01.06,Asian, 科威特,科威特加入與伊朗斷交行列 
1709,2016.01.06,Asian, 阿富汗,美軍與「塔利班」交戰，造成一死兩傷 
1710,2016.01.06,Asian, 日本,日相安倍籲同俄國簽署和平條約 
1711,2016.01.05,Asian, 南韓,日韓就慰安婦雕像搬遷問題意見分歧 
1712,2016.01.05,Asian, 緬甸,翁山蘇姬：新政府的首要任務是建立和平 
1713,2016.01.05,Asian, 沙烏地阿拉伯,沙烏地阿拉伯盟邦與伊朗斷交 
1714,2016.01.04,Asian, 沙烏地阿拉伯,沙烏地阿拉伯宣布與伊朗斷交 
1715,2016.01.04,Asian, 印度,印度發生6.8強震 
1716,2015.12.31,Asian, 伊拉克,土耳其駐兵伊拉克北部，加深兩國對立 
1717,2015.12.31,Asian, 土耳其,土耳其破獲新年夜恐攻陰謀 
1718,2015.12.30,Asian, 北韓,北韓統一戰線部部長金養建車禍身亡 
1719,2015.12.30,Asian, 南韓,南韓獨佔世界前五大造船廠的時代宣告落幕 
1720,2015.12.30,Asian, 伊拉克,伊拉克總理視察拉馬迪戰果 
1721,2015.12.29,Asian, 澳大利亞,身陷醜聞，澳洲兩位部長同日辭職 
1722,2015.12.29,Asian, 日本,日韓就慰安婦問題達成協議，安倍會見外相岸田文雄 
1723,2015.12.29,Asian, 伊拉克,伊拉克部隊幾近收復拉馬迪全市 
1724,2015.12.29,Asian, 越南,中國大陸強勢作風迫使越南轉向美國 
1725,2015.12.29,Asian, 伊朗,伊朗交出2.5萬磅低濃縮鈾，運往俄羅斯 
1726,2015.12.28,Asian, 韓國,日韓就慰安婦問題達成協議，日方將賠償並道歉 
1727,2015.12.28,Asian, 伊拉克,伊拉克部隊攻下拉馬迪政府大樓 
1728,2015.12.28,Asian, 巴基斯坦,莫迪突訪巴基斯坦，印巴關係回暖 
1729,2015.12.25,Asian, 日本,日相安倍指示外相岸田文雄赴韓協商慰安婦問題 
1730,2015.12.25,Asian, 泰國,英國背包客遊泰遇害案，兩名緬甸移工被判死刑 
1731,2015.12.25,Asian, 喬治亞,喬治亞總理宣布辭去總理職務 
1732,2015.12.25,Asian, 沙烏地阿拉伯,沙烏地阿拉伯醫院大火造成25死 
1733,2015.12.24,Asian, 韓國,南韓正式宣布MERS疫情結束 
1734,2015.12.24,Asian, 日本,日本國防預算明年將突破5兆日圓 
1735,2015.12.23,Asian, 澳大利亞,澳洲再逮捕2名恐攻嫌犯 
1736,2015.12.23,Asian, 敘利亞,聯合國下月將在瑞士舉行敘利亞和談 
1737,2015.12.23,Asian, 阿富汗,英軍試圖助阿富汗政府瓦解「塔利班」攻勢 
1738,2015.12.22,Asian, 印度,印度小飛機墜毀，機上10名乘客無人生還 
1739,2015.12.22,Asian, 阿富汗,阿富汗自殺攻擊造成6名美軍死亡 
1740,2015.12.21,Asian, 約旦,世界銀行：約旦總人口1/3為難民 
1741,2015.12.21,Asian, 敘利亞,俄國空襲造成敘利亞平民數十人喪生 
1742,2015.12.21,Asian, 斯里蘭卡,斯里蘭卡明年擬將國會改為「憲政議會」 
1743,2015.12.18,Asian, 日本,澳洲總理對日本捕鯨感到「失望」 
1744,2015.12.18,Asian, 韓國,南韓法院宣判日本記者誹謗朴槿惠罪名不成立 
1745,2015.12.17,Asian, 葉門,葉門停火協議面臨破局 
1746,2015.12.17,Asian, 北韓,北韓判處韓裔加拿大牧師無期勞改 
1747,2015.12.16,Asian, 沙烏地阿拉伯,沙烏地阿拉伯宣布成立穆斯林反恐聯盟 
1748,2015.12.16,Asian, 日本,澳洲總理18日首度訪日 
1749,2016.11.16,China, 香港,香港法院判決游蕙禎及梁頌恆喪失議員資格 
1750,2016.11.03,China, 香港,香港本土派議員宣誓就職再次受阻 
1751,2016.10.14,China, 香港,香港立法會3議員宣誓遭判定無效 
1752,2016.09.07,China, 台灣,美婦女議題大使赴台推動雙邊合作 
1753,2016.09.06,China, 香港,香港「非建制派」奪下立法會35直選席次中19席 
1754,2016.09.06,China, 中國大陸,G20杭州峰會落幕，各國矢言解決鋼鐵產能過剩問題 
1755,2016.08.18,China, 中國大陸,中國大陸發射全球首枚量子衛星 
1756,2016.08.16,China, 香港,香港學運領袖被判社會服務，免於牢獄之災 
1757,2016.08.08,China, 中國大陸,美國飛彈驅逐艦抵達青島進行交流 
1758,2016.07.29,China, 中國大陸,中國大陸9月將與俄羅斯在南海舉行聯合演習 
1759,2016.07.27,China, 台灣,台灣漁船登太平島，攜21桶淡水返航 
1760,2016.07.25,China, 中國大陸,華北地區洪災，百餘人死亡失蹤 
1761,2016.07.22,China, 香港,香港3名學運領袖被判有罪 
1762,2016.07.18,China, 中國大陸,中國大陸將在南海再次舉行軍演 
1763,2016.07.14,China, 台灣,拒絕接受南海仲裁結果，台灣派艦巡航南海 
1764,2016.07.13,China, 台灣,台灣：南海仲裁結果「完全無法接受」 
1765,2016.06.27,China, 中國大陸,俄國總統出訪北京，強調雙邊戰略夥伴關係 
1766,2016.06.22,China, 中國大陸,日媒：中國大陸揚言退出海洋法公約 
1767,2016.06.13,China, 中國大陸,德國總理訪中，強調法治重要性 
1768,2016.06.08,China, 中國大陸,「美中戰略暨經濟對話」閉幕，南海問題仍無共識 
1769,2016.06.07,China, 中國大陸,美中第8輪「戰略暨經濟對話」在北京登場 
1770,2016.06.06,China, 台灣,台灣總統蔡英文登沱江艦出航，決心推動國防自主 
1771,2016.05.31,China, 中國大陸,「美中戰略暨經濟對話」6月初在北京召開 
1772,2016.05.23,China, 台灣,美國重量級議員宣布6月隨團訪臺 
1773,2016.05.16,China, 台灣,眼見為憑，臺灣邀請海牙仲裁庭登太平島 
1774,2016.05.13,China, 中國大陸,北京拒絕德國會人權委員會主席訪陸 
1775,2016.05.02,China, 台灣,不滿漁船遭扣，臺灣召見駐日代表並展開護漁任務 
1776,2016.04.29,China, 臺灣,馬總統：日本沖之鳥「是礁非島」 
1777,2016.04.22,China, 香港,港「泛民」中青代發表「香港前途決議文」 
1778,2016.04.07,China, 臺灣,美國「全球入境計畫」納入臺灣 
1779,2016.04.01,China, 臺灣,美國對臺灣消除核武原料表示肯定 
1780,2016.03.31,China, 台灣,雙英會：承諾政權順利轉移 
1781,2016.03.24,China, 台灣,馬總統邀請菲方代表與國際仲裁員前往太平島參觀 
1782,2016.03.23,China, 臺灣,宣示南海主權，臺灣政府率媒體團登太平島 
1783,2016.03.21,China, 中國大陸,印尼抗議中國大陸海警船侵犯納土納海域 
1784,2016.03.14,China, 中國大陸,人權紀錄遭批評，北京召集親政府學者反擊美國 
1785,2016.03.11,China, 中國大陸,美日等12國同聲譴責中國大陸打壓維權人士 
1786,2016.03.07,China, 台灣,在臺日本留學生舉辦活動感謝臺灣對311地震之援助 
1787,2016.03.01,China, 台灣,臺南震災追思會，弔念117名罹難者 
1788,2016.02.26,China, 中國大陸,中國大陸將參加環太平洋軍演 
1789,2016.02.25,China, 香港,香港無線電視台新聞使用簡體字字幕，引發民眾批評 
1790,2016.02.24,China, 中國大陸,中國大陸派遣戰機至永興島 
1791,2016.02.24,China, 香港,香港電影金像獎頒獎典禮遭大陸禁播 
1792,2016.02.23,China, 中國大陸,衛星照片顯示中國大陸在南沙人工島部署雷達設施 
1793,2016.02.22,China, 臺灣,臺灣行政院長：防災三法列優先法案 
1794,2016.02.18,China, 台灣,臺灣法院判決228受難日籍家屬勝訴 
1795,2016.02.18,China, 臺灣,臺灣首座慰安婦紀念館「阿嬤家」9月正式營運 
1796,2016.02.18,China, 中國大陸,中國大陸在西沙永興島部署飛彈 
1797,2016.02.16,China, 中國大陸,揭「大飢荒」真相獲獎，中國大陸禁止記者赴美領獎 
1798,2016.02.15,China, 臺灣,匈牙利著名作家將出席「臺北國際書展」 
1799,2016.02.15,China, 台灣,臺南維冠大樓搜救行動結束，114人罹難 
1800,2016.02.05,China, 中國大陸,中國大陸：已向北韓表明立場，不希望看到緊張升高 
1801,2016.02.05,China, 香港,香港銅鑼灣書店案，3名失蹤職員在中國大陸接受調查 
1802,2016.02.03,China, 臺灣,臺灣玻璃高跟鞋教堂，一圓少女紅毯夢 
1803,2016.02.03,China, 香港,2016年經濟自由度指數，香港排名全球首位 
1804,2016.02.02,China, 台灣,首批陸客中轉抵臺 
1805,2016.02.01,China, 台灣,民進黨蘇嘉全當選臺灣立法院長 
1806,2016.02.01,China, 中國大陸,美驅逐艦駛入西沙中建島，中國大陸強烈抨擊 
1807,2016.01.30,China, 香港,國際記者聯盟：2015年香港新聞自由倒退 
1808,2016.01.29,China, 中國大陸,加拿大公民遭中國大陸以間諜罪起訴　 
1809,2016.01.28,China, 中國大陸,凱瑞訪問北京，敦促中國大陸遏止北韓核武野心 
1810,2016.01.27,China, 台灣,馬總統將赴南沙太平島訪視 
1811,2016.01.27,China, 中國大陸,中國大陸國家統計局局長落馬，經濟數據再添疑雲 
1812,2016.01.20,China, 中國大陸,中國大陸2015年經濟成長率6.9%，創下25年來新低 
1813,2016.01.19,China, 台灣,臺灣大選落幕，國安基金暫不退場護盤到4月 
1814,2016.01.19,China, 中國大陸,西方法界人士連署呼籲中國大陸釋放維權律師 
1815,2016.01.18,China, 挪威,臺灣參加挪威旅展，三太子文化吸睛 
1816,2016.01.13,China, 中國大陸,多名維權律師涉顛覆罪，遭北京當局逮捕 
1817,2016.01.12,China, 中國大陸,中國大陸前公安部副部長李東生收賄案一審宣判 
1818,2016.01.06,China, 中國大陸,英國外相對香港銅鑼灣書店案表示關切 
1819,2016.01.06,China, 中國大陸,中國大陸在永暑礁試行飛機起降 
1820,2016.01.04,China, 香港,銅鑼灣書店5人失蹤，國際駭客擬攻擊中國大陸網站 
1821,2016.01.04,China, 中國大陸,中國大陸在永暑礁新建機場進行試飛引發越南抗議 
1822,2016.01.04,China, 中國大陸,中國大陸製造業持續萎縮 
1823,2015.12.31,China, 臺灣,「馬習會」後，兩岸啟用熱線 
1824,2015.12.31,China, 臺灣,臺日明年1月將就慰安婦議題展開協商 
1825,2015.12.30,China, 臺灣,臺灣要求日本對臺籍慰安婦道歉、賠償 
1826,2015.12.29,China, 臺灣,耗時15年，「故宮」南院終開幕 
1827,2015.12.29,China, 臺灣,臺灣外交部要求日本速與臺灣協商慰安婦議題 
1828,2015.12.28,China, 中國大陸,中國大陸通過反恐法 
1829,2015.12.25,China, 中國大陸,批評中國大陸少數民族政策，法籍記者恐遭驅逐出境 
1830,2015.12.24,China, 臺灣,3年訪臺57次，星國男成最狂熱「臺灣迷」 
1831,2015.12.23,China, 中國大陸,中國大陸公布2016年經濟藍圖 
1832,2015.12.22,China, 中國大陸,中國大陸知名維權律師浦志強被判緩刑3年 
1833,2015.12.21,China, 臺灣,"臺灣迎接第1,000萬名遊客 "
1834,2015.12.21,China, 中國大陸,深圳工業區發生山崩，91人下落不明 
1835,2015.12.21,China, 中國大陸,美國B-52轟炸機誤闖南沙華陽礁上空 
1836,2015.12.18,China, 臺灣,臺灣央行宣布降息 
1837,2015.12.17,China, 臺灣,美國國務院正式通知國會對台軍售 
1838,2015.12.17,China, 臺灣,臺灣拿下全球「開放資料指標」首位 
1839,2015.12.16,China, 中國大陸,中國大陸將在西沙永興島蓋加油站 
1840,2015.12.16,China, 臺灣,睽違4年美國將首度對臺軍售 
